Ticker,ML_Score,ML_Direction,ML_Prob_Up,ML_Category
BEL,23.6,1,0.618,MEGA
BOSCHLTD,9.6,1,0.548,MEGA
BRITANNIA,35.3,1,0.677,MEGA
BSE,-68.3,-1,0.159,MEGA
CUMMINSIND,-14.0,-1,0.43,MEGA
EICHERMOT,12.0,1,0.56,MEGA
GODREJCP,27.4,1,0.637,MEGA
HAL,-51.7,-1,0.241,MEGA
HCLTECH,16.4,1,0.582,MEGA
HINDUNILVR,-25.8,-1,0.371,MEGA
INFY,42.0,1,0.71,MEGA
LICI,-8.9,-1,0.456,MEGA
LTM,64.9,1,0.824,MEGA
LUPIN,22.9,1,0.615,MEGA
NESTLEIND,-35.4,-1,0.323,MEGA
ONGC,35.4,1,0.677,MEGA
TCS,35.1,1,0.676,MEGA
TECHM,-4.6,-1,0.477,MEGA
TRENT,54.4,1,0.772,MEGA
ULTRACEMCO,-8.4,-1,0.458,MEGA
VBL,19.6,1,0.598,MEGA
ZYDUSLIFE,53.2,1,0.766,MEGA
ABBOTINDIA,-37.3,-1,0.314,LARGE
AIAENG,-8.5,-1,0.457,LARGE
ALKEM,-8.7,-1,0.456,LARGE
BERGEPAINT,9.0,1,0.545,LARGE
BLUESTARCO,19.9,1,0.599,LARGE
COLPAL,-2.9,-1,0.485,LARGE
DABUR,-6.1,-1,0.47,LARGE
DIXON,40.8,1,0.704,LARGE
ENDURANCE,-14.1,-1,0.429,LARGE
ESCORTS,86.8,1,0.934,LARGE
GLAXO,18.3,1,0.591,LARGE
GRSE,-26.2,-1,0.369,LARGE
HAVELLS,71.4,1,0.857,LARGE
HEROMOTOCO,40.0,1,0.7,LARGE
HEXT,57.1,1,0.785,LARGE
HINDCOPPER,-3.6,-1,0.482,LARGE
ICICIGI,1.9,1,0.51,LARGE
INDHOTEL,16.2,1,0.581,LARGE
IPCALAB,-16.8,-1,0.416,LARGE
KPRMILL,-15.7,-1,0.422,LARGE
LODHA,70.6,1,0.853,LARGE
LTTS,61.5,1,0.807,LARGE
MAXHEALTH,4.0,1,0.52,LARGE
MAZDOCK,-31.0,-1,0.345,LARGE
MCX,23.8,1,0.619,LARGE
MEDANTA,-21.1,-1,0.394,LARGE
MPHASIS,8.8,1,0.544,LARGE
NAM-INDIA,22.7,1,0.614,LARGE
NMDC,35.2,1,0.676,LARGE
OBEROIRLTY,3.6,1,0.518,LARGE
OFSS,39.5,1,0.697,LARGE
PATANJALI,73.1,1,0.866,LARGE
RADICO,34.2,1,0.671,LARGE
WELCORP,24.7,1,0.623,LARGE
ALIVUS,1.1,1,0.506,MID
ANANTRAJ,26.7,1,0.633,MID
APLLTD,15.0,1,0.575,MID
ARE&M,4.5,1,0.522,MID
ASTRAMICRO,8.6,1,0.543,MID
BASF,16.0,1,0.58,MID
BAYERCROP,-19.6,-1,0.402,MID
BBTC,-4.3,-1,0.479,MID
BIKAJI,14.1,1,0.571,MID
BLS,9.2,1,0.546,MID
CAMS,3.9,1,0.519,MID
CAPLIPOINT,-18.8,-1,0.406,MID
CASTROLIND,-13.7,-1,0.432,MID
CEMPRO,28.2,1,0.641,MID
CIEINDIA,-11.2,-1,0.444,MID
CRISIL,-8.3,-1,0.458,MID
ECLERX,67.0,1,0.835,MID
FINCABLES,-7.4,-1,0.463,MID
FORCEMOT,14.6,1,0.573,MID
GESHIP,-6.6,-1,0.467,MID
GILLETTE,-2.7,-1,0.487,MID
GPIL,-27.6,-1,0.362,MID
GRANULES,-7.0,-1,0.465,MID
GRINDWELL,12.6,1,0.563,MID
IEX,-16.4,-1,0.418,MID
KAJARIACER,-39.3,-1,0.303,MID
KIRLPNU,-11.9,-1,0.441,MID
MARKSANS,17.4,1,0.587,MID
MSUMI,6.0,1,0.53,MID
PGHL,-6.3,-1,0.469,MID
PRUDENT,-6.6,-1,0.467,MID
REDINGTON,-7.1,-1,0.465,MID
SARDAEN,6.9,1,0.535,MID
SCI,-39.0,-1,0.305,MID
SUNDRMFAST,6.3,1,0.532,MID
TRITURBINE,47.0,1,0.735,MID
USHAMART,-5.6,-1,0.472,MID
VGUARD,-10.1,-1,0.45,MID
ZENSARTECH,-4.5,-1,0.477,MID
509525,-20.0,-1,0.4,SMALL
543787,-29.0,-1,0.355,SMALL
543831,1.1,1,0.505,SMALL
ADFFOODS,-4.6,-1,0.477,SMALL
ADOR,-20.5,-1,0.398,SMALL
ADVENZYMES,2.0,1,0.51,SMALL
AGI,4.5,1,0.522,SMALL
AMRUTANJAN,-2.2,-1,0.489,SMALL
ARTEMISMED,-11.3,-1,0.443,SMALL
AURIONPRO,14.5,1,0.573,SMALL
AUTOAXLES,-10.3,-1,0.449,SMALL
BAJAJCON,-11.4,-1,0.443,SMALL
BECTORFOOD,11.2,1,0.556,SMALL
BLISSGVS,-26.0,-1,0.37,SMALL
BSOFT,-17.9,-1,0.411,SMALL
CAMPUS,-21.5,-1,0.393,SMALL
CARERATING,-16.4,-1,0.418,SMALL
CARYSIL,-4.1,-1,0.48,SMALL
DBCORP,-3.2,-1,0.484,SMALL
DHANUKA,3.0,1,0.515,SMALL
DOLLAR,-0.1,-1,0.499,SMALL
ELLEN,7.9,1,0.54,SMALL
EMUDHRA,1.4,1,0.507,SMALL
FDC,-1.3,-1,0.494,SMALL
FIEMIND,-13.7,-1,0.432,SMALL
GPPL,-15.0,-1,0.425,SMALL
HARSHA,-20.8,-1,0.396,SMALL
HAWKINCOOK,-14.2,-1,0.429,SMALL
IFBIND,-0.0,-1,0.5,SMALL
INDIGOPNTS,11.0,1,0.555,SMALL
IRIS,5.9,1,0.529,SMALL
KKCL,-25.2,-1,0.374,SMALL
KMEW,-0.1,-1,0.499,SMALL
MAPMYINDIA,-36.5,-1,0.318,SMALL
MASTEK,2.4,1,0.512,SMALL
MODIS,-27.0,-1,0.365,SMALL
NESCO,17.6,1,0.588,SMALL
NEWGEN,10.6,1,0.553,SMALL
ORIENTELEC,-20.1,-1,0.399,SMALL
PARAGMILK,-4.7,-1,0.477,SMALL
POWERMECH,1.4,1,0.507,SMALL
PRICOLLTD,0.8,1,0.504,SMALL
QUESS,-28.0,-1,0.36,SMALL
ROSSARI,6.2,1,0.531,SMALL
RPGLIFE,-23.5,-1,0.383,SMALL
SAREGAMA,-13.5,-1,0.432,SMALL
SEAMECLTD,-1.1,-1,0.495,SMALL
SHARDACROP,18.9,1,0.594,SMALL
SHARDAMOTR,21.1,1,0.605,SMALL
SOMANYCERA,-10.9,-1,0.445,SMALL
SSWL,-1.2,-1,0.494,SMALL
STYLAMIND,-14.2,-1,0.429,SMALL
SUBROS,-3.4,-1,0.483,SMALL
SUPRIYA,23.4,1,0.617,SMALL
SWARAJENG,13.2,1,0.566,SMALL
TCI,8.7,1,0.543,SMALL
TIIL,-9.4,-1,0.453,SMALL
TIMETECHNO,-7.8,-1,0.461,SMALL
TIPSMUSIC,-7.2,-1,0.464,SMALL
VAIBHAVGBL,-10.6,-1,0.447,SMALL
VENUSPIPES,4.8,1,0.524,SMALL
VISHNU,-5.2,-1,0.474,SMALL
WABAG,-15.0,-1,0.425,SMALL
