Ticker,Category,BT_Category,Sector,Market_Cap,Close,Tech_Score,Technical_Score,Macro_Score,Fund_Score,Fundamental_Score,News_Score,Forecast_Score,N_Catalysts,News_Sentiment,Composite_Score,Momentum_Direction,Forecast_Direction,Direction_Label,Composite_Severity,Actual_Return_Pct,Regime,BT_6M,BT_Accuracy,BT_Forward_Days,Horizon,BT_PF,BT_Trades,TR_total_trades,TR_win_rate,TR_avg_win_pct,TR_avg_loss_pct,TR_profit_factor,TR_total_return_pct,TR_avg_holding_days,TR_sl_exits,TR_flips
ABBOTINDIA,LARGE,LARGE,Healthcare,57054.38,26850.0,0,0,-1.8,-4,-4,0.0,0.0,0,NEUTRAL,0.0,0,0,NEUTRAL,NEUTRAL,-1.32,NEGATIVE,100.0,100.0,21,21,1.09,3,3,33.3,3.55,1.63,1.09,0.3,10.0,0,0
ABSLAMC,LARGE,LARGE,Financial Services,28269.06,976.9,0,0,-4.4,-1,-1,0.0,0.0,0,NEUTRAL,0.0,0,0,NEUTRAL,NEUTRAL,2.44,NEGATIVE,66.7,66.7,21,21,0.86,3,3,66.7,3.21,7.49,0.86,-1.1,10.0,0,0
ACE,MID,MID,Industrials,14433.32,1212.6,0,0,-3.3,3,3,0.0,0.0,0,NEUTRAL,-0.2,0,0,NEUTRAL,NEUTRAL,0.1,NEGATIVE,71.1,71.1,14,14,1.09,23,23,47.8,5.47,4.6,1.09,5.0,4.7,11,2
ADFFOODS,SMALL,SMALL,Consumer Defensive,3087.17,281.0,0,0,-4.0,-2,-2,0.0,0.0,0,NEUTRAL,-0.9,0,0,NEUTRAL,NEUTRAL,3.73,NEGATIVE,90.6,90.6,7,7,1.64,18,18,44.4,7.14,3.48,1.64,22.4,4.1,8,0
ADOR,SMALL,SMALL,Industrials,2728.76,1568.0,0,0,-3.3,3,3,0.0,0.0,0,NEUTRAL,-0.2,0,0,NEUTRAL,NEUTRAL,-2.0,NEGATIVE,42.2,42.2,7,7,1.0,20,20,45.0,4.04,3.3,1.0,-0.0,4.6,7,0
AFFLE,LARGE,LARGE,Communication Services,20421.44,1451.0,0,0,-5.3,0,0,0.0,0.0,0,NEUTRAL,0.0,0,0,NEUTRAL,NEUTRAL,-4.92,NEGATIVE,100.0,100.0,21,21,0.06,2,2,50.0,0.48,7.92,0.06,-7.4,8.5,1,0
AIIL,LARGE,LARGE,Financial Services,45773.25,539.0,0,0,-4.4,5,5,0.0,0.0,0,NEUTRAL,0.0,0,0,NEUTRAL,NEUTRAL,-1.99,NEGATIVE,50.0,50.0,21,21,0.0,2,2,0.0,0.0,10.49,0.0,-21.0,3.0,2,0
ALIVUS,MID,MID,Healthcare,16942.46,1380.0,0,0,-1.8,1,1,0.0,0.0,0,NEUTRAL,-0.2,0,0,NEUTRAL,NEUTRAL,0.71,NEGATIVE,59.1,59.1,14,14,1.37,10,10,50.0,4.51,3.29,1.37,6.1,5.8,4,1
ANANTRAJ,LARGE,LARGE,Real Estate,20764.9,577.0,0,0,-2.8,5,5,0.0,0.0,0,NEUTRAL,0.0,0,0,NEUTRAL,NEUTRAL,-4.54,NEGATIVE,100.0,100.0,21,21,0.0,2,2,100.0,3.35,0.0,0.0,6.7,10.0,0,0
APLLTD,MID,MID,Healthcare,16098.52,819.0,0,0,-1.8,5,5,0.0,0.0,0,NEUTRAL,0.2,0,0,NEUTRAL,NEUTRAL,-2.93,NEGATIVE,63.3,63.3,14,14,0.68,15,15,46.7,2.21,2.83,0.68,-7.2,5.9,6,0
ARTEMISMED,SMALL,SMALL,Other,0.0,336.0,0,0,-0.4,0,0,0.0,0.0,0,NEUTRAL,-0.1,0,0,NEUTRAL,NEUTRAL,-3.75,NEGATIVE,64.1,64.1,7,7,0.92,20,20,50.0,4.04,4.42,0.92,-3.7,3.7,10,0
AUTOAXLES,SMALL,SMALL,Consumer Cyclical,2538.66,1679.9,0,0,-3.5,6,6,0.0,0.0,0,NEUTRAL,0.1,0,0,NEUTRAL,NEUTRAL,-0.93,NEGATIVE,60.0,60.0,7,7,0.87,19,19,47.4,2.78,2.86,0.87,-3.6,4.5,6,0
BAJAJCON,MID,MID,Consumer Defensive,6491.73,497.0,0,0,-4.0,-5,-5,0.0,0.0,0,NEUTRAL,-1.2,0,0,NEUTRAL,NEUTRAL,0.07,NEGATIVE,59.3,59.3,14,14,1.39,17,17,35.3,10.6,4.16,1.39,17.9,3.9,11,1
BAJAJHLDNG,MEGA,MEGA,Financial Services,118705.66,10666.0,0,0,-4.4,11,11,0.0,0.0,0,NEUTRAL,0.0,0,0,NEUTRAL,NEUTRAL,-0.91,NEGATIVE,100.0,100.0,28,28,0.0,2,2,100.0,6.26,0.0,0.0,12.5,14.0,0,0
BASF,MID,MID,Basic Materials,14833.99,3427.0,0,0,-4.2,2,2,0.0,0.0,0,NEUTRAL,-0.5,0,0,NEUTRAL,NEUTRAL,-1.01,NEGATIVE,61.5,61.5,14,14,0.67,15,15,46.7,2.62,3.43,0.67,-9.1,5.7,6,0
BBTC,MID,MID,Consumer Defensive,9341.06,1338.8,0,0,-4.0,11,11,0.0,0.0,0,NEUTRAL,0.4,0,0,NEUTRAL,NEUTRAL,-2.31,NEGATIVE,87.5,87.5,14,14,7.64,20,20,80.0,4.49,2.35,7.64,62.4,6.4,2,2
BDL,LARGE,LARGE,Industrials,39878.33,1087.9,0,0,-3.3,0,0,0.0,0.0,0,NEUTRAL,0.0,0,0,NEUTRAL,NEUTRAL,-2.91,NEGATIVE,33.3,33.3,21,21,0.0,2,2,100.0,5.14,0.0,0.0,10.3,10.0,0,0
BECTORFOOD,MID,MID,Consumer Defensive,6478.16,211.22,0,0,-4.0,3,3,0.0,0.0,0,NEUTRAL,-0.3,0,0,NEUTRAL,NEUTRAL,2.45,NEGATIVE,69.4,69.4,14,14,1.1,20,20,50.0,4.69,4.26,1.1,4.3,5.4,10,0
BEL,MEGA,MEGA,Industrials,280037.63,383.1,0,0,-3.3,3,3,0.0,0.0,0,NEUTRAL,0.0,0,0,NEUTRAL,NEUTRAL,-1.59,NEGATIVE,60.0,60.0,28,28,0.0,5,5,0.0,0.0,4.68,0.0,-23.4,8.8,2,0
BERGEPAINT,LARGE,LARGE,Basic Materials,52749.97,452.4,40,40,-4.2,-2,-2,0.0,0.0,0,NEUTRAL,17.6,0,0,NEUTRAL,NEUTRAL,-0.77,NEGATIVE,100.0,100.0,21,21,0.0,1,1,100.0,15.15,0.0,0.0,15.1,10.0,0,0
BIKAJI,MID,MID,Consumer Defensive,12619.56,503.3,40,40,-4.0,3,3,0.0,0.0,0,NEUTRAL,18.0,0,0,NEUTRAL,NEUTRAL,-4.27,NEGATIVE,67.3,67.3,14,14,2.12,30,30,53.3,5.13,2.76,2.12,43.4,6.4,6,1
BLISSGVS,MID,MID,Healthcare,7331.49,689.5,0,0,-1.8,-2,-2,0.0,0.0,0,NEUTRAL,-0.5,0,0,NEUTRAL,NEUTRAL,-2.06,NEGATIVE,63.9,63.9,14,14,1.06,16,16,37.5,9.27,5.26,1.06,3.0,4.8,9,1
BLS,MID,MID,Industrials,8923.86,216.85,0,0,-3.3,8,8,0.0,0.0,0,NEUTRAL,0.2,0,0,NEUTRAL,NEUTRAL,-1.52,NEGATIVE,73.2,73.2,14,14,0.65,27,27,29.6,6.59,4.25,0.65,-28.0,4.9,15,1
BORORENEW,MID,MID,Technology,6623.27,450.0,0,0,-4.4,4,4,0.0,0.0,0,NEUTRAL,-0.3,0,0,NEUTRAL,NEUTRAL,-2.73,NEGATIVE,65.5,65.5,14,14,1.64,16,16,56.2,7.4,5.81,1.64,25.9,5.2,7,1
BRITANNIA,MEGA,MEGA,Consumer Defensive,115086.87,4778.0,0,0,-4.0,1,1,0.0,0.0,0,NEUTRAL,0.0,0,0,NEUTRAL,NEUTRAL,-0.43,NEGATIVE,33.3,33.3,28,28,0.28,4,4,25.0,3.18,3.8,0.28,-8.2,10.8,2,0
BSE,MEGA,MEGA,Financial Services,123706.92,3046.0,0,0,-4.4,1,1,-1.2,-1.2,4,NEUTRAL,0.0,0,0,NEUTRAL,NEUTRAL,-1.83,NEGATIVE,57.1,57.1,28,28,0.39,4,4,25.0,14.56,12.41,0.39,-22.7,8.8,3,0
BSOFT,MID,MID,Technology,7550.47,270.0,0,0,-4.4,6,6,0.0,0.0,0,NEUTRAL,-0.0,0,0,NEUTRAL,NEUTRAL,-2.49,NEGATIVE,75.0,75.0,14,14,0.98,19,19,52.6,3.78,4.26,0.98,-0.6,4.9,8,0
CAMPUS,MID,MID,Consumer Cyclical,6297.0,206.0,0,0,-3.5,3,3,0.0,0.0,0,NEUTRAL,-0.2,0,0,NEUTRAL,NEUTRAL,-1.9,NEGATIVE,82.1,82.1,14,14,2.78,13,13,61.5,4.58,2.63,2.78,23.5,6.5,3,0
CAMS,MID,MID,Technology,16824.13,677.25,0,0,-4.4,-4,-4,0.0,0.0,0,NEUTRAL,-1.1,0,0,NEUTRAL,NEUTRAL,0.87,NEGATIVE,76.7,76.7,14,14,1.52,18,18,50.0,4.07,2.68,1.52,12.5,5.9,3,1
CAPLIPOINT,MID,MID,Healthcare,19854.26,2612.0,0,0,-1.8,3,3,0.0,0.0,0,NEUTRAL,0.0,0,0,NEUTRAL,NEUTRAL,-2.11,NEGATIVE,50.8,50.8,14,14,0.94,31,31,48.4,5.56,5.57,0.94,-5.8,5.3,14,3
CARERATING,SMALL,SMALL,Financial Services,4818.46,1601.5,0,0,-4.4,-4,-4,0.0,0.0,0,NEUTRAL,-1.1,0,0,NEUTRAL,NEUTRAL,-2.04,NEGATIVE,92.6,92.6,7,7,1.32,17,17,64.7,2.68,3.71,1.32,7.2,4.9,3,0
CARYSIL,SMALL,SMALL,Consumer Cyclical,2972.25,1045.0,0,0,-3.5,5,5,0.0,0.0,0,NEUTRAL,-0.0,0,0,NEUTRAL,NEUTRAL,1.15,NEGATIVE,65.9,65.9,7,7,0.64,21,21,38.1,5.07,4.91,0.64,-23.3,3.6,11,0
CASTROLIND,MID,MID,Energy,19604.4,198.2,0,0,-0.7,5,5,0.0,0.0,0,NEUTRAL,0.3,0,0,NEUTRAL,NEUTRAL,-1.51,NEGATIVE,97.0,97.0,14,14,2.44,14,14,78.6,1.68,2.53,2.44,10.9,6.8,1,1
CDSL,LARGE,LARGE,Financial Services,25968.25,1242.5,0,0,-4.4,-2,-2,0.0,0.0,0,NEUTRAL,0.0,0,0,NEUTRAL,NEUTRAL,-3.1,NEGATIVE,100.0,100.0,21,21,0.0,2,2,100.0,3.83,0.0,0.0,7.7,10.0,0,0
CIEINDIA,MID,MID,Consumer Cyclical,14227.99,375.05,0,0,-3.5,5,5,0.0,0.0,0,NEUTRAL,-0.0,0,0,NEUTRAL,NEUTRAL,-3.25,NEGATIVE,67.5,67.5,14,14,0.58,16,16,37.5,1.81,1.88,0.58,-7.9,5.9,4,1
COLPAL,LARGE,LARGE,Consumer Defensive,47189.51,1735.0,0,0,-4.0,-4,-4,0.0,0.0,0,NEUTRAL,0.0,0,0,NEUTRAL,NEUTRAL,-3.4,NEGATIVE,50.0,50.0,21,21,0.0,1,1,100.0,1.85,0.0,0.0,1.9,10.0,0,0
CRISIL,LARGE,LARGE,Financial Services,32418.54,4433.0,0,0,-4.4,8,8,25.4,25.4,4,POSITIVE,0.0,0,0,NEUTRAL,NEUTRAL,-0.24,NEGATIVE,0.0,0.0,21,21,0.0,2,2,0.0,0.0,6.89,0.0,-13.8,6.0,2,0
CUMMINSIND,MEGA,MEGA,Industrials,134719.2,4860.0,0,0,-3.3,-2,-2,0.0,0.0,0,NEUTRAL,0.0,0,0,NEUTRAL,NEUTRAL,0.75,NEGATIVE,40.0,40.0,28,28,0.79,3,3,66.7,4.57,11.63,0.79,-2.5,11.0,1,0
DABUR,LARGE,LARGE,Consumer Defensive,66390.34,374.25,0,0,-4.0,1,1,4.7,4.7,1,NEUTRAL,0.0,0,0,NEUTRAL,NEUTRAL,-1.9,NEGATIVE,100.0,100.0,21,21,0.0,2,2,100.0,5.71,0.0,0.0,11.4,10.0,0,0
DBCORP,SMALL,SMALL,Communication Services,3066.87,172.05,40,40,-5.3,13,13,0.0,0.0,0,NEUTRAL,18.6,0,0,NEUTRAL,NEUTRAL,-2.05,NEGATIVE,69.8,69.8,7,7,1.53,22,22,40.9,4.2,1.9,1.53,13.1,4.6,4,3
DIXON,LARGE,LARGE,Technology,77218.4,12700.0,0,0,-4.4,3,3,0.0,0.0,0,NEUTRAL,0.0,0,0,NEUTRAL,NEUTRAL,-4.54,NEGATIVE,68.8,68.8,21,21,0.33,7,7,28.6,5.14,6.14,0.33,-20.4,7.6,4,0
ECLERX,MID,MID,Technology,16593.08,1803.1,0,0,-4.4,5,5,0.0,0.0,0,NEUTRAL,-0.2,0,0,NEUTRAL,NEUTRAL,-1.39,NEGATIVE,57.7,57.7,14,14,1.56,27,27,55.6,5.96,4.79,1.56,31.9,5.2,9,2
EICHERMOT,MEGA,MEGA,Consumer Cyclical,189969.02,6920.0,0,0,-3.5,-4,-4,-1.3,-1.3,1,NEUTRAL,0.0,0,0,NEUTRAL,NEUTRAL,-3.88,NEGATIVE,0.0,0.0,28,28,1.64,3,3,66.7,4.81,5.85,1.64,3.8,10.7,1,0
ELLEN,SMALL,SMALL,Basic Materials,4810.84,341.35,0,0,-4.2,2,2,0.0,0.0,0,NEUTRAL,-0.5,0,0,NEUTRAL,NEUTRAL,-7.36,NEGATIVE,43.6,43.6,7,7,0.77,21,21,38.1,5.06,4.04,0.77,-12.0,3.4,12,0
EMPIND,SMALL,SMALL,Industrials,636.69,1059.0,0,0,-3.3,11,11,0.0,0.0,0,NEUTRAL,0.5,0,0,NEUTRAL,NEUTRAL,0.28,NEGATIVE,0.0,0.0,7,7,0.0,0,0,0.0,0.0,0.0,0.0,0.0,0.0,0,0
EMUDHRA,SMALL,SMALL,Technology,4756.06,579.7,-40,-40,-4.4,-2,-2,0.0,0.0,0,NEUTRAL,-26.9,-1,-1,NEGATIVE,HIT,-5.31,NEGATIVE,71.9,71.9,7,7,0.54,17,17,35.3,3.27,3.28,0.54,-16.5,4.8,4,0
ENDURANCE,LARGE,LARGE,Consumer Cyclical,36521.7,2596.4,0,0,-3.5,3,3,0.0,0.0,0,NEUTRAL,0.0,0,0,NEUTRAL,NEUTRAL,-4.58,NEGATIVE,28.6,28.6,21,21,0.42,3,3,33.3,5.33,6.28,0.42,-7.2,7.0,1,0
ESABINDIA,MID,MID,Industrials,8572.37,5569.0,0,0,-3.3,-1,-1,0.0,0.0,0,NEUTRAL,-0.6,0,0,NEUTRAL,NEUTRAL,0.37,NEGATIVE,82.9,82.9,14,14,1.68,14,14,57.1,4.4,3.5,1.68,14.2,6.4,3,0
ESCORTS,LARGE,LARGE,Industrials,29432.33,2675.0,0,0,-3.3,3,3,0.0,0.0,0,NEUTRAL,0.0,0,0,NEUTRAL,NEUTRAL,-1.62,NEGATIVE,0.0,0.0,21,21,0.0,1,1,0.0,0.0,5.13,0.0,-5.1,4.0,1,0
FDC,MID,MID,Healthcare,5449.25,334.7,0,0,-1.8,3,3,0.0,0.0,0,NEUTRAL,0.0,0,0,NEUTRAL,NEUTRAL,-3.56,NEGATIVE,67.7,67.7,14,14,1.3,17,17,58.8,3.97,4.37,1.3,9.1,5.0,7,2
FIEMIND,SMALL,SMALL,Consumer Cyclical,4721.75,1794.0,40,40,-3.5,0,0,0.0,0.0,0,NEUTRAL,17.8,0,0,NEUTRAL,NEUTRAL,-7.98,NEGATIVE,64.7,64.7,7,7,0.76,15,15,46.7,3.24,3.71,0.76,-7.0,4.2,7,0
FINCABLES,LARGE,LARGE,Industrials,22176.2,1450.0,0,0,-3.3,5,5,0.0,0.0,0,NEUTRAL,0.0,0,0,NEUTRAL,NEUTRAL,0.84,NEGATIVE,0.0,0.0,21,21,0.17,3,3,33.3,3.42,10.1,0.17,-16.8,7.0,2,0
FORCEMOT,LARGE,LARGE,Consumer Cyclical,22136.12,16800.0,0,0,-3.5,3,3,0.0,0.0,0,NEUTRAL,0.0,0,0,NEUTRAL,NEUTRAL,-2.74,NEGATIVE,50.0,50.0,21,21,1.06,3,3,33.3,4.21,1.99,1.06,0.2,7.0,0,0
GESHIP,LARGE,LARGE,Industrials,21535.5,1529.9,0,0,-3.3,8,8,0.0,0.0,0,NEUTRAL,0.0,0,0,NEUTRAL,NEUTRAL,-2.4,NEGATIVE,16.7,16.7,21,21,2.0,3,3,66.7,6.98,6.96,2.0,7.0,9.0,1,0
GILLETTE,LARGE,LARGE,Consumer Defensive,22483.8,6900.0,0,0,-4.0,-1,-1,0.0,0.0,0,NEUTRAL,0.0,0,0,NEUTRAL,NEUTRAL,-1.52,NEGATIVE,100.0,100.0,21,21,0.0,2,2,0.0,0.0,2.66,0.0,-5.3,8.0,1,0
GLAXO,LARGE,LARGE,Healthcare,46756.07,2760.0,0,0,-1.8,-1,-1,0.0,0.0,0,NEUTRAL,0.0,0,0,NEUTRAL,NEUTRAL,-0.59,NEGATIVE,0.0,0.0,21,21,0.0,1,1,0.0,0.0,4.79,0.0,-4.8,10.0,0,0
GODREJCP,LARGE,LARGE,Consumer Defensive,85957.61,840.0,0,0,-4.0,1,1,0.0,0.0,0,NEUTRAL,0.0,0,0,NEUTRAL,NEUTRAL,-1.59,NEGATIVE,0.0,0.0,21,21,0.0,1,1,0.0,0.0,5.29,0.0,-5.3,7.0,1,0
GPIL,MID,MID,Basic Materials,13991.54,215.01,40,40,-4.2,2,2,0.0,0.0,0,NEUTRAL,17.9,0,0,NEUTRAL,NEUTRAL,-3.58,NEGATIVE,65.4,65.4,14,14,0.97,16,16,37.5,6.56,4.04,0.97,-1.0,5.0,8,1
GPPL,MID,MID,Industrials,8023.35,165.9,0,0,-3.3,8,8,0.0,0.0,0,NEUTRAL,0.2,0,0,NEUTRAL,NEUTRAL,0.43,NEGATIVE,63.6,63.6,14,14,0.75,12,12,33.3,4.15,2.78,0.75,-5.6,6.1,5,0
GRANULES,LARGE,LARGE,Healthcare,22490.7,824.5,0,0,-1.8,5,5,0.0,0.0,0,NEUTRAL,0.0,0,0,NEUTRAL,NEUTRAL,-3.45,NEGATIVE,50.0,50.0,21,21,1.52,9,9,66.7,4.42,5.83,1.52,9.0,9.1,0,0
GRAVITA,MID,MID,Industrials,10292.58,1413.1,0,0,-3.3,5,5,0.0,0.0,0,NEUTRAL,0.0,0,0,NEUTRAL,NEUTRAL,-2.98,NEGATIVE,65.2,65.2,14,14,1.15,20,20,45.0,5.99,4.27,1.15,6.9,5.5,9,1
GRINDWELL,LARGE,LARGE,Industrials,21922.56,1980.0,0,0,-3.3,-5,-5,0.0,0.0,0,NEUTRAL,0.0,0,0,NEUTRAL,NEUTRAL,-0.01,NEGATIVE,0.0,0.0,21,21,0.0,1,1,0.0,0.0,6.55,0.0,-6.6,8.0,1,0
GRSE,LARGE,LARGE,Industrials,24204.84,2113.0,0,0,-3.3,1,1,0.0,0.0,0,NEUTRAL,0.0,0,0,NEUTRAL,NEUTRAL,-4.56,NEGATIVE,83.3,83.3,21,21,0.8,4,4,50.0,5.85,7.34,0.8,-3.0,8.5,1,0
GUJENERGY,LARGE,LARGE,Utilities,21578.37,229.99,0,0,-5.5,13,13,0.0,0.0,0,NEUTRAL,0.0,0,0,NEUTRAL,NEUTRAL,-4.05,NEGATIVE,0.0,0.0,21,21,0.77,2,2,50.0,3.11,4.02,0.77,-0.9,10.0,0,0
GULFOILLUB,MID,MID,Basic Materials,5416.42,1093.0,0,0,-4.2,10,10,0.0,0.0,0,NEUTRAL,0.3,0,0,NEUTRAL,NEUTRAL,-2.55,NEGATIVE,80.0,80.0,14,14,1.52,14,14,64.3,3.52,4.15,1.52,10.9,5.6,5,0
HAL,MEGA,MEGA,Industrials,307703.37,4601.0,0,0,-3.3,3,3,0.0,0.0,0,NEUTRAL,0.0,0,0,NEUTRAL,NEUTRAL,-1.7,NEGATIVE,100.0,100.0,28,28,0.0,1,1,0.0,0.0,7.15,0.0,-7.1,6.0,1,0
HAWKINCOOK,SMALL,SMALL,Consumer Cyclical,4262.51,8061.0,0,0,-3.5,-4,-4,0.0,0.0,0,NEUTRAL,-1.0,0,0,NEUTRAL,NEUTRAL,1.99,NEGATIVE,100.0,100.0,7,7,0.0,2,2,100.0,2.47,0.0,0.0,4.9,5.0,0,0
HCLTECH,MEGA,MEGA,Technology,336353.85,1243.1,0,0,-4.4,7,7,0.0,0.0,0,NEUTRAL,0.0,0,0,NEUTRAL,NEUTRAL,0.32,NEGATIVE,33.3,33.3,28,28,0.0,3,3,0.0,0.0,2.57,0.0,-7.7,7.7,1,0
HDFCAMC,LARGE,LARGE,Financial Services,99034.44,2308.1,0,0,-4.4,-4,-4,88.4,88.4,1,POSITIVE,0.0,0,0,NEUTRAL,NEUTRAL,0.71,NEGATIVE,0.0,0.0,21,21,0.0,0,0,0.0,0.0,0.0,0.0,0.0,0.0,0,0
HDFCLIFE,MEGA,MEGA,Financial Services,116030.87,534.2,0,0,-4.4,0,0,0.0,0.0,0,NEUTRAL,0.0,0,0,NEUTRAL,NEUTRAL,3.63,NEGATIVE,50.0,50.0,28,28,0.0,2,2,0.0,0.0,3.14,0.0,-6.3,14.0,0,0
HINDCOPPER,LARGE,LARGE,Basic Materials,44869.91,464.0,0,0,-4.2,-2,-2,0.0,0.0,0,NEUTRAL,0.0,0,0,NEUTRAL,NEUTRAL,-3.15,NEGATIVE,100.0,100.0,21,21,0.0,1,1,0.0,0.0,7.21,0.0,-7.2,10.0,1,0
HONAUT,LARGE,LARGE,Industrials,29550.18,33400.0,0,0,-3.3,-5,-5,0.0,0.0,0,NEUTRAL,0.0,0,0,NEUTRAL,NEUTRAL,-0.95,NEGATIVE,100.0,100.0,21,21,0.0,1,1,0.0,0.0,1.72,0.0,-1.7,10.0,0,0
HSCL,LARGE,LARGE,Basic Materials,33357.4,661.1,0,0,-4.2,3,3,0.0,0.0,0,NEUTRAL,0.0,0,0,NEUTRAL,NEUTRAL,-2.82,NEGATIVE,66.7,66.7,21,21,0.0,4,4,100.0,5.66,0.0,0.0,22.7,10.0,0,0
ICRA,SMALL,SMALL,Financial Services,4139.76,4301.0,0,0,-4.4,3,3,0.0,0.0,0,NEUTRAL,-0.4,0,0,NEUTRAL,NEUTRAL,1.3,NEGATIVE,77.4,77.4,7,7,1.2,17,17,52.9,1.81,1.7,1.2,2.7,5.0,0,0
IEX,MID,MID,Financial Services,9424.81,105.98,40,40,-4.4,3,3,0.0,0.0,0,NEUTRAL,17.9,0,0,NEUTRAL,NEUTRAL,-2.12,NEGATIVE,81.6,81.6,14,14,6.82,17,17,64.7,5.08,1.37,6.82,47.7,6.4,1,3
IFBIND,SMALL,SMALL,Consumer Cyclical,4781.22,1180.0,0,0,-3.5,2,2,0.0,0.0,0,NEUTRAL,-0.3,0,0,NEUTRAL,NEUTRAL,-2.64,NEGATIVE,71.4,71.4,7,7,0.49,18,18,38.9,2.44,3.15,0.49,-17.6,4.2,8,0
INDIAMART,LARGE,LARGE,Consumer Cyclical,97551.46,1622.0,0,0,-3.5,8,8,0.0,0.0,0,NEUTRAL,0.0,0,0,NEUTRAL,NEUTRAL,-0.63,NEGATIVE,33.3,33.3,21,21,0.0,4,4,25.0,0.03,4.38,0.0,-13.1,6.8,2,0
INDIGOPNTS,MID,MID,Basic Materials,5021.47,1052.0,0,0,-4.2,3,3,0.0,0.0,0,NEUTRAL,-0.3,0,0,NEUTRAL,NEUTRAL,-2.51,NEGATIVE,45.7,45.7,14,14,1.07,21,21,38.1,6.13,3.51,1.07,3.3,5.2,9,2
INFY,MEGA,MEGA,Technology,419210.57,1035.0,0,0,-4.4,10,10,0.0,0.0,0,NEUTRAL,0.0,0,0,NEUTRAL,NEUTRAL,2.5,NEGATIVE,33.3,33.3,28,28,0.0,3,3,0.0,0.0,3.4,0.0,-10.2,10.7,1,0
INGERRAND,MID,MID,Industrials,13179.64,4175.0,0,0,-3.3,-1,-1,0.0,0.0,0,NEUTRAL,-0.6,0,0,NEUTRAL,NEUTRAL,2.18,NEGATIVE,89.7,89.7,14,14,2.21,15,15,53.3,6.73,3.48,2.21,29.5,5.5,5,3
INTELLECT,MID,MID,Technology,8503.8,609.5,40,40,-4.4,2,2,0.0,0.0,0,NEUTRAL,17.9,0,0,NEUTRAL,NEUTRAL,-2.75,NEGATIVE,60.7,60.7,14,14,0.54,19,19,31.6,4.41,3.74,0.54,-22.1,4.4,11,1
IPCALAB,LARGE,LARGE,Healthcare,49345.47,1945.0,0,0,-1.8,-2,-2,0.0,0.0,0,NEUTRAL,0.0,0,0,NEUTRAL,NEUTRAL,0.25,NEGATIVE,0.0,0.0,21,21,0.21,2,2,50.0,1.54,7.26,0.21,-5.7,8.5,1,0
KAJARIACER,MID,MID,Industrials,19328.6,1230.0,0,0,-3.3,-2,-2,0.0,0.0,0,NEUTRAL,-0.7,0,0,NEUTRAL,NEUTRAL,-2.44,NEGATIVE,58.3,58.3,14,14,0.97,17,17,47.1,4.1,3.75,0.97,-0.9,5.2,8,1
KEI,LARGE,LARGE,Industrials,43039.39,4502.0,0,0,-3.3,-2,-2,0.0,0.0,0,NEUTRAL,0.0,0,0,NEUTRAL,NEUTRAL,0.21,NEGATIVE,66.7,66.7,21,21,1.44,3,3,33.3,20.25,7.01,1.44,6.2,7.3,2,0
KENNAMET,MID,MID,Industrials,9384.71,4270.0,0,0,-3.3,3,3,0.0,0.0,0,NEUTRAL,-0.2,0,0,NEUTRAL,NEUTRAL,6.94,NEGATIVE,100.0,100.0,14,14,1.58,2,2,50.0,5.91,3.74,1.58,2.2,4.5,1,0
KINGFA,MID,MID,Basic Materials,8876.15,6550.0,0,0,-4.2,1,1,0.0,0.0,0,NEUTRAL,-0.6,0,0,NEUTRAL,NEUTRAL,2.09,NEGATIVE,53.7,53.7,14,14,0.59,16,16,50.0,2.95,4.95,0.59,-16.0,5.6,8,0
KIRLPNU,MID,MID,Industrials,8939.94,687.9,0,0,-3.3,3,3,0.0,0.0,0,NEUTRAL,-0.2,0,0,NEUTRAL,NEUTRAL,0.73,NEGATIVE,52.5,52.5,14,14,0.73,18,18,44.4,4.61,5.06,0.73,-13.7,5.8,8,0
KKCL,SMALL,SMALL,Consumer Cyclical,2956.16,479.7,0,0,-3.5,4,4,0.0,0.0,0,NEUTRAL,-0.1,0,0,NEUTRAL,NEUTRAL,3.7,NEGATIVE,71.4,71.4,7,7,2.42,15,15,73.3,2.55,2.9,2.42,16.5,4.7,2,0
KMEW,MID,MID,Industrials,7469.79,2945.0,0,0,-3.3,-3,-3,0.0,0.0,0,NEUTRAL,-0.9,0,0,NEUTRAL,NEUTRAL,-2.69,NEGATIVE,50.0,50.0,14,14,0.35,20,20,25.0,5.64,5.38,0.35,-52.6,4.3,13,0
KSL,SMALL,SMALL,Basic Materials,3999.61,914.0,0,0,-4.2,8,8,0.0,0.0,0,NEUTRAL,0.1,0,0,NEUTRAL,NEUTRAL,-6.18,NEGATIVE,89.7,89.7,7,7,2.8,14,14,71.4,4.54,4.06,2.8,29.2,4.4,3,1
LALPATHLAB,LARGE,LARGE,Healthcare,33312.07,1995.0,0,0,-1.8,-8,-8,0.0,0.0,0,NEUTRAL,0.0,0,0,NEUTRAL,NEUTRAL,3.14,NEGATIVE,25.0,25.0,21,21,0.12,4,4,50.0,0.23,1.88,0.12,-3.3,10.0,0,0
LGBBROSLTD,MID,MID,Consumer Cyclical,5491.68,1721.7,0,0,-3.5,5,5,0.0,0.0,0,NEUTRAL,-0.0,0,0,NEUTRAL,NEUTRAL,-1.02,NEGATIVE,82.1,82.1,14,14,1.4,15,15,46.7,4.76,2.98,1.4,9.5,5.5,6,1
LICI,MEGA,MEGA,Financial Services,495690.08,391.85,0,0,-4.4,8,8,0.0,0.0,0,NEUTRAL,0.0,0,0,NEUTRAL,NEUTRAL,-0.63,NEGATIVE,0.0,0.0,28,28,0.0,1,1,0.0,0.0,0.63,0.0,-0.6,1.0,0,0
LODHA,MEGA,MEGA,Real Estate,110474.11,1105.6,0,0,-2.8,5,5,0.0,0.0,0,NEUTRAL,0.0,0,0,NEUTRAL,NEUTRAL,0.14,NEGATIVE,71.4,71.4,28,28,0.5,5,5,40.0,4.72,6.34,0.5,-9.6,13.2,1,0
LTFOODS,MID,MID,Consumer Defensive,13869.28,399.4,0,0,-4.0,2,2,0.0,0.0,0,NEUTRAL,-0.4,0,0,NEUTRAL,NEUTRAL,-1.09,NEGATIVE,85.2,85.2,14,14,1.84,15,15,53.3,5.34,3.32,1.84,19.5,5.8,6,1
LTM,MEGA,MEGA,Technology,118792.01,4007.0,0,0,-4.4,5,5,0.0,0.0,0,NEUTRAL,0.0,0,0,NEUTRAL,NEUTRAL,-1.31,NEGATIVE,50.0,50.0,28,28,0.04,2,2,50.0,0.45,10.3,0.04,-9.8,13.0,1,0
LTTS,LARGE,LARGE,Technology,34785.69,3279.0,0,0,-4.4,-4,-4,0.0,0.0,0,NEUTRAL,0.0,0,0,NEUTRAL,NEUTRAL,5.26,NEGATIVE,57.1,57.1,21,21,0.1,4,4,25.0,1.57,5.36,0.1,-14.5,8.0,2,0
LUPIN,LARGE,LARGE,Healthcare,92884.74,2031.2,0,0,-1.8,7,7,0.0,0.0,0,NEUTRAL,0.0,0,0,NEUTRAL,NEUTRAL,-0.51,NEGATIVE,60.0,60.0,21,21,0.12,5,5,20.0,0.96,2.01,0.12,-7.1,9.2,1,0
MAPMYINDIA,SMALL,SMALL,Technology,4622.11,844.05,0,0,-4.4,1,1,0.0,0.0,0,NEUTRAL,-0.6,0,0,NEUTRAL,NEUTRAL,-2.0,NEGATIVE,53.7,53.7,7,7,0.61,18,18,38.9,3.91,4.06,0.61,-17.3,4.1,7,1
MARKSANS,MID,MID,Healthcare,14639.45,323.05,0,0,-1.8,5,5,0.0,0.0,0,NEUTRAL,0.2,0,0,NEUTRAL,NEUTRAL,-0.6,NEGATIVE,61.1,61.1,14,14,0.77,18,18,33.3,6.42,4.16,0.77,-11.3,4.8,10,0
MASTEK,SMALL,SMALL,Technology,4824.59,1556.0,0,0,-4.4,11,11,0.0,0.0,0,NEUTRAL,0.4,0,0,NEUTRAL,NEUTRAL,0.5,NEGATIVE,76.6,76.6,7,7,2.0,22,22,63.6,4.4,3.84,2.0,30.8,4.4,7,0
MAXHEALTH,LARGE,LARGE,Healthcare,91583.63,940.95,0,0,-1.8,0,0,0.0,0.0,0,NEUTRAL,0.0,0,0,NEUTRAL,NEUTRAL,0.07,NEGATIVE,71.4,71.4,21,21,4.99,5,5,80.0,1.37,1.1,4.99,4.4,10.0,0,0
MAZDOCK,LARGE,LARGE,Industrials,83257.63,2064.0,0,0,-3.3,-4,-4,0.0,0.0,0,NEUTRAL,0.0,0,0,NEUTRAL,NEUTRAL,-3.0,NEGATIVE,100.0,100.0,21,21,0.0,1,1,100.0,0.71,0.0,0.0,0.7,10.0,0,0
MCX,LARGE,LARGE,Financial Services,81520.87,3204.0,0,0,-4.4,0,0,85.7,85.7,1,POSITIVE,0.0,0,0,NEUTRAL,NEUTRAL,-2.94,NEGATIVE,12.5,12.5,21,21,0.1,6,6,16.7,3.03,6.2,0.1,-28.0,9.0,2,0
MODIS,SMALL,SMALL,Real Estate,728.79,372.0,0,0,-2.8,-1,-1,0.0,0.0,0,NEUTRAL,-0.6,0,0,NEUTRAL,NEUTRAL,0.96,NEGATIVE,96.3,96.3,7,7,1.54,10,10,70.0,3.09,4.69,1.54,7.5,4.3,3,0
MSUMI,LARGE,LARGE,Consumer Cyclical,22149.75,33.4,0,0,-3.5,1,1,0.0,0.0,0,NEUTRAL,0.0,0,0,NEUTRAL,NEUTRAL,-2.74,NEGATIVE,50.0,50.0,21,21,0.47,6,6,33.3,6.96,7.35,0.47,-15.5,7.8,3,0
NAM-INDIA,LARGE,LARGE,Financial Services,66948.39,1046.0,0,0,-4.4,-1,-1,0.0,0.0,0,NEUTRAL,0.0,0,0,NEUTRAL,NEUTRAL,-2.7,NEGATIVE,0.0,0.0,21,21,0.0,2,2,0.0,0.0,4.03,0.0,-8.1,6.0,1,0
NATIONALUM,LARGE,LARGE,Basic Materials,61508.8,334.9,0,0,-4.2,8,8,0.0,0.0,0,NEUTRAL,0.0,0,0,NEUTRAL,NEUTRAL,-3.12,NEGATIVE,25.0,25.0,21,21,2.91,2,2,50.0,5.43,1.87,2.91,3.6,10.0,0,0
NESCO,MID,MID,Industrials,7222.15,1025.0,0,0,-3.3,2,2,0.0,0.0,0,NEUTRAL,-0.3,0,0,NEUTRAL,NEUTRAL,-2.24,NEGATIVE,72.4,72.4,14,14,0.9,16,16,50.0,4.82,5.37,0.9,-4.4,5.1,8,2
NESTLEIND,MEGA,MEGA,Consumer Defensive,252165.67,1307.7,0,0,-4.0,-5,-5,0.0,0.0,0,NEUTRAL,0.0,0,0,NEUTRAL,NEUTRAL,-0.95,NEGATIVE,66.7,66.7,28,28,0.0,2,2,0.0,0.0,4.75,0.0,-9.5,11.0,1,0
NEWGEN,MID,MID,Technology,6456.95,456.8,40,40,-4.4,0,0,0.0,0.0,0,NEUTRAL,17.7,0,0,NEUTRAL,NEUTRAL,-3.68,NEGATIVE,51.3,51.3,14,14,0.49,19,19,36.8,4.21,5.03,0.49,-30.9,4.7,11,0
NMDC,LARGE,LARGE,Basic Materials,65622.12,74.64,0,0,-4.2,11,11,0.0,0.0,0,NEUTRAL,0.0,0,0,NEUTRAL,NEUTRAL,-3.57,NEGATIVE,60.0,60.0,21,21,1.57,6,6,66.7,3.6,4.58,1.57,5.2,9.3,1,0
NPST,SMALL,SMALL,Technology,3680.32,1764.0,-40,-40,-4.4,-5,-5,0.0,0.0,0,NEUTRAL,-27.3,-1,-1,NEGATIVE,MISS,4.56,NEGATIVE,86.5,86.5,7,7,2.58,17,17,52.9,8.84,3.85,2.58,48.8,4.3,6,1
OBEROIRLTY,LARGE,LARGE,Real Estate,63797.65,1754.6,0,0,-2.8,7,7,0.0,0.0,0,NEUTRAL,0.0,0,0,NEUTRAL,NEUTRAL,-0.81,NEGATIVE,100.0,100.0,21,21,0.0,2,2,100.0,5.99,0.0,0.0,12.0,10.0,0,0
OFSS,LARGE,LARGE,Technology,90760.3,10420.0,0,0,-4.4,6,6,0.0,0.0,0,NEUTRAL,0.0,0,0,NEUTRAL,NEUTRAL,-2.68,NEGATIVE,71.4,71.4,21,21,0.0,6,6,0.0,0.0,3.64,0.0,-21.9,9.5,1,0
ONEGLOBAL,SMALL,SMALL,Healthcare,1079.07,532.9,0,0,-1.8,8,8,0.0,0.0,0,NEUTRAL,0.4,0,0,NEUTRAL,NEUTRAL,1.0,NEGATIVE,100.0,100.0,7,7,0.0,1,1,100.0,2.07,0.0,0.0,2.1,6.0,0,0
ONGC,MEGA,MEGA,Energy,279747.68,222.37,0,0,-0.7,13,13,0.0,0.0,0,NEUTRAL,0.0,0,0,NEUTRAL,NEUTRAL,-2.57,NEGATIVE,76.5,76.5,28,28,0.09,7,7,14.3,1.71,3.03,0.09,-16.5,14.0,0,0
ORIENTELEC,SMALL,SMALL,Consumer Cyclical,3290.48,154.2,40,40,-3.5,5,5,0.0,0.0,0,NEUTRAL,18.2,0,0,NEUTRAL,NEUTRAL,-1.92,NEGATIVE,68.6,68.6,7,7,0.47,18,18,38.9,3.66,4.96,0.47,-29.0,3.7,7,2
PARAS,MID,MID,Industrials,10299.06,1278.0,0,0,-3.3,-5,-5,0.0,0.0,0,NEUTRAL,-1.1,0,0,NEUTRAL,NEUTRAL,-3.89,NEGATIVE,70.0,70.0,14,14,1.0,18,18,44.4,5.76,4.59,1.0,0.2,5.4,8,0
PATANJALI,LARGE,LARGE,Consumer Defensive,38636.05,355.15,0,0,-4.0,5,5,0.0,0.0,0,NEUTRAL,0.0,0,0,NEUTRAL,NEUTRAL,-3.18,NEGATIVE,50.0,50.0,21,21,0.93,9,9,44.4,6.6,5.7,0.93,-2.1,9.3,1,0
PFIZER,MID,MID,Healthcare,17644.9,3857.0,0,0,-1.8,3,3,0.0,0.0,0,NEUTRAL,0.0,0,0,NEUTRAL,NEUTRAL,0.06,NEGATIVE,70.8,70.8,14,14,1.18,13,13,53.8,2.66,2.63,1.18,2.8,6.0,3,1
PGHL,MID,MID,Healthcare,8867.39,5342.0,0,0,-1.8,1,1,0.0,0.0,0,NEUTRAL,-0.2,0,0,NEUTRAL,NEUTRAL,-3.48,NEGATIVE,63.3,63.3,14,14,0.97,16,16,62.5,2.26,3.88,0.97,-0.7,6.6,4,1
POLYCAB,MEGA,MEGA,Industrials,120357.41,7990.0,0,0,-3.3,6,6,0.0,0.0,0,NEUTRAL,0.0,0,0,NEUTRAL,NEUTRAL,-1.24,NEGATIVE,33.3,33.3,28,28,0.0,2,2,0.0,0.0,8.18,0.0,-16.4,6.5,2,0
POWERMECH,MID,MID,Industrials,7821.87,2474.0,0,0,-3.3,7,7,0.0,0.0,0,NEUTRAL,0.2,0,0,NEUTRAL,NEUTRAL,-0.7,NEGATIVE,76.9,76.9,14,14,1.64,20,20,60.0,4.81,4.41,1.64,22.5,5.7,6,3
PRICOLLTD,MID,MID,Consumer Cyclical,9007.04,739.9,0,0,-3.5,3,3,0.0,0.0,0,NEUTRAL,-0.2,0,0,NEUTRAL,NEUTRAL,-1.65,NEGATIVE,60.0,60.0,14,14,0.74,13,13,38.5,4.75,4.01,0.74,-8.3,5.1,6,0
PRUDENT,MID,MID,Financial Services,12842.28,3101.5,0,0,-4.4,-5,-5,15.3,15.3,3,POSITIVE,3.4,0,0,NEUTRAL,NEUTRAL,-0.53,NEGATIVE,92.1,92.1,14,14,1.03,14,14,35.7,6.2,3.33,1.03,1.0,5.4,8,1
QUESS,SMALL,SMALL,Industrials,4993.97,334.3,0,0,-3.3,5,5,0.0,0.0,0,NEUTRAL,0.0,0,0,NEUTRAL,NEUTRAL,-1.84,NEGATIVE,48.5,48.5,7,7,0.84,20,20,55.0,2.29,3.35,0.84,-5.0,4.4,6,0
RADICO,LARGE,LARGE,Consumer Defensive,56771.17,4237.0,0,0,-4.0,0,0,0.0,0.0,0,NEUTRAL,0.0,0,0,NEUTRAL,NEUTRAL,-4.76,NEGATIVE,33.3,33.3,21,21,0.0,3,3,0.0,0.0,5.56,0.0,-16.7,9.3,1,0
REDINGTON,LARGE,LARGE,Technology,31130.26,398.2,0,0,-4.4,5,5,0.0,0.0,0,NEUTRAL,0.0,0,0,NEUTRAL,NEUTRAL,-2.71,NEGATIVE,25.0,25.0,21,21,0.28,4,4,50.0,2.09,7.39,0.28,-10.6,8.5,1,0
ROSSARI,SMALL,SMALL,Basic Materials,2354.25,425.0,0,0,-4.2,10,10,0.0,0.0,0,NEUTRAL,0.3,0,0,NEUTRAL,NEUTRAL,0.24,NEGATIVE,62.5,62.5,7,7,1.12,18,18,50.0,3.38,3.02,1.12,3.2,4.5,7,0
RPGLIFE,SMALL,SMALL,Healthcare,4878.84,2949.9,0,0,-1.8,-2,-2,0.0,0.0,0,NEUTRAL,-0.5,0,0,NEUTRAL,NEUTRAL,-1.51,NEGATIVE,73.7,73.7,7,7,0.24,17,17,47.1,1.47,5.54,0.24,-38.0,3.7,9,0
SAREGAMA,MID,MID,Communication Services,9463.6,493.0,0,0,-5.3,-4,-4,0.0,0.0,0,NEUTRAL,-1.3,0,0,NEUTRAL,NEUTRAL,-3.38,NEGATIVE,57.6,57.6,14,14,0.46,21,21,42.9,2.81,4.55,0.46,-29.3,5.0,9,1
SBILIFE,MEGA,MEGA,Financial Services,172746.21,1721.6,0,0,-4.4,0,0,0.0,0.0,0,NEUTRAL,0.0,0,0,NEUTRAL,NEUTRAL,1.47,NEGATIVE,50.0,50.0,28,28,3.52,2,2,50.0,4.11,1.17,3.52,2.9,14.0,0,0
SCHAEFFLER,LARGE,LARGE,Consumer Cyclical,60348.85,3861.0,0,0,-3.5,6,6,0.0,0.0,0,NEUTRAL,0.0,0,0,NEUTRAL,NEUTRAL,-0.94,NEGATIVE,100.0,100.0,21,21,0.0,1,1,100.0,3.73,0.0,0.0,3.7,10.0,0,0
SCI,MID,MID,Industrials,12506.7,268.5,0,0,-3.3,11,11,0.0,0.0,0,NEUTRAL,0.5,0,0,NEUTRAL,NEUTRAL,-1.9,NEGATIVE,78.8,78.8,14,14,2.42,16,16,62.5,5.63,3.89,2.42,33.0,5.9,5,2
SEAMECLTD,SMALL,SMALL,Industrials,4074.59,1597.0,0,0,-3.3,7,7,0.0,0.0,0,NEUTRAL,0.2,0,0,NEUTRAL,NEUTRAL,-3.21,NEGATIVE,66.7,66.7,7,7,1.53,16,16,37.5,7.34,2.88,1.53,15.2,4.2,6,2
SHARDAMOTR,MID,MID,Consumer Cyclical,5358.15,933.35,0,0,-3.5,0,0,0.0,0.0,0,NEUTRAL,-0.6,0,0,NEUTRAL,NEUTRAL,-3.95,NEGATIVE,69.7,69.7,14,14,0.74,16,16,43.8,4.79,5.0,0.74,-11.5,5.2,7,2
SIRCA,SMALL,SMALL,Basic Materials,2277.31,400.0,0,0,-4.2,0,0,0.0,0.0,0,NEUTRAL,-0.7,0,0,NEUTRAL,NEUTRAL,-3.44,NEGATIVE,60.0,60.0,7,7,1.36,19,19,47.4,3.17,2.09,1.36,7.6,4.5,4,0
SOMANYCERA,SMALL,SMALL,Industrials,2520.03,614.45,0,0,-3.3,5,5,0.0,0.0,0,NEUTRAL,0.0,0,0,NEUTRAL,NEUTRAL,-0.33,NEGATIVE,55.0,55.0,7,7,1.55,19,19,52.6,4.43,3.17,1.55,15.8,4.6,5,1
SSWL,MID,MID,Consumer Cyclical,6141.2,390.5,0,0,-3.5,5,5,0.0,0.0,0,NEUTRAL,-0.0,0,0,NEUTRAL,NEUTRAL,-3.5,NEGATIVE,60.7,60.7,14,14,1.46,17,17,47.1,6.9,4.2,1.46,17.4,5.0,8,1
STYLAMIND,MID,MID,Consumer Cyclical,5511.59,3250.0,0,0,-3.5,-5,-5,0.0,0.0,0,NEUTRAL,-1.1,0,0,NEUTRAL,NEUTRAL,-2.04,NEGATIVE,48.8,48.8,14,14,0.71,17,17,47.1,3.35,4.19,0.71,-10.9,5.8,7,0
SUBROS,SMALL,SMALL,Consumer Cyclical,4442.55,681.0,0,0,-3.5,0,0,0.0,0.0,0,NEUTRAL,-0.6,0,0,NEUTRAL,NEUTRAL,-3.27,NEGATIVE,80.6,80.6,7,7,1.08,15,15,46.7,4.27,3.45,1.08,2.3,4.5,5,0
SUNDRMFAST,LARGE,LARGE,Consumer Cyclical,23723.49,1129.0,0,0,-3.5,3,3,0.0,0.0,0,NEUTRAL,0.0,0,0,NEUTRAL,NEUTRAL,-1.09,NEGATIVE,0.0,0.0,21,21,0.05,2,2,50.0,0.4,7.53,0.05,-7.1,8.5,1,0
SUNSHIEL,SMALL,SMALL,Basic Materials,932.52,1065.0,0,0,-4.2,5,5,0.0,0.0,0,NEUTRAL,-0.1,0,0,NEUTRAL,NEUTRAL,-2.89,NEGATIVE,0.0,0.0,7,7,4.84,2,2,50.0,10.0,2.07,4.84,7.9,3.0,0,1
SWARAJENG,SMALL,SMALL,Industrials,4307.13,3545.0,0,0,-3.3,5,5,0.0,0.0,0,NEUTRAL,0.0,0,0,NEUTRAL,NEUTRAL,-0.31,NEGATIVE,76.0,76.0,7,7,0.91,14,14,35.7,5.08,3.1,0.91,-2.5,4.5,5,0
TCS,MEGA,MEGA,Technology,752308.93,2075.0,0,0,-4.4,13,13,0.0,0.0,0,NEUTRAL,0.0,0,0,NEUTRAL,NEUTRAL,0.13,NEGATIVE,45.5,45.5,28,28,0.15,7,7,42.9,1.16,5.85,0.15,-19.9,13.3,1,0
TECHM,MEGA,MEGA,Technology,135812.06,1533.0,0,0,-4.4,0,0,0.0,0.0,0,NEUTRAL,0.0,0,0,NEUTRAL,NEUTRAL,-0.12,NEGATIVE,100.0,100.0,28,28,1.94,3,3,66.7,7.03,7.24,1.94,6.8,11.0,1,0
TIIL,MID,MID,Industrials,6584.18,2904.0,0,0,-3.3,5,5,0.0,0.0,0,NEUTRAL,0.0,0,0,NEUTRAL,NEUTRAL,-1.78,NEGATIVE,71.0,71.0,14,14,1.43,14,14,42.9,6.87,3.6,1.43,12.4,5.7,6,1
TIMETECHNO,MID,MID,Consumer Cyclical,8908.14,180.46,0,0,-3.5,7,7,0.0,0.0,0,NEUTRAL,0.1,0,0,NEUTRAL,NEUTRAL,-2.68,NEGATIVE,73.0,73.0,14,14,1.48,19,19,47.4,5.31,3.22,1.48,15.6,5.2,7,1
TIMKEN,LARGE,LARGE,Industrials,23295.24,3097.0,0,0,-3.3,-2,-2,0.0,0.0,0,NEUTRAL,0.0,0,0,NEUTRAL,NEUTRAL,-0.01,NEGATIVE,100.0,100.0,21,21,181.5,2,2,50.0,6.39,0.04,181.5,6.4,10.0,0,0
ULTRACEMCO,MEGA,MEGA,Basic Materials,315055.67,10710.0,40,40,-4.2,3,3,0.0,0.0,0,NEUTRAL,18.0,0,0,NEUTRAL,NEUTRAL,-1.56,NEGATIVE,75.0,75.0,28,28,2.19,3,3,33.3,14.47,3.31,2.19,7.8,9.7,1,0
USHAMART,MID,MID,Basic Materials,15037.37,494.0,0,0,-4.2,0,0,0.0,0.0,0,NEUTRAL,-0.7,0,0,NEUTRAL,NEUTRAL,-1.16,NEGATIVE,60.0,60.0,14,14,0.47,20,20,35.0,3.6,4.15,0.47,-28.7,5.2,10,1
UTIAMC,MID,MID,Financial Services,11311.54,880.0,0,0,-4.4,2,2,0.0,0.0,0,NEUTRAL,-0.5,0,0,NEUTRAL,NEUTRAL,-0.06,NEGATIVE,54.8,54.8,14,14,2.34,15,15,60.0,4.43,2.85,2.34,22.8,6.1,4,3
VAIBHAVGBL,SMALL,SMALL,Consumer Cyclical,3427.84,204.4,0,0,-3.5,8,8,0.0,0.0,0,NEUTRAL,0.2,0,0,NEUTRAL,NEUTRAL,-0.95,NEGATIVE,63.9,63.9,7,7,1.98,18,18,50.0,6.19,3.13,1.98,27.6,4.6,6,1
VBL,MEGA,MEGA,Consumer Defensive,143857.5,425.3,0,0,-4.0,5,5,0.0,0.0,0,NEUTRAL,0.0,0,0,NEUTRAL,NEUTRAL,-1.9,NEGATIVE,66.7,66.7,28,28,0.19,4,4,25.0,4.84,8.49,0.19,-20.6,9.8,3,0
VGUARD,MID,MID,Industrials,12859.89,294.35,40,40,-3.3,-2,-2,0.0,0.0,0,NEUTRAL,17.7,0,0,NEUTRAL,NEUTRAL,-2.34,NEGATIVE,76.3,76.3,14,14,2.63,21,21,66.7,3.7,2.81,2.63,32.1,5.9,4,2
VINATIORGA,MID,MID,Basic Materials,12655.32,1219.9,0,0,-4.2,3,3,0.0,0.0,0,NEUTRAL,-0.3,0,0,NEUTRAL,NEUTRAL,3.7,NEGATIVE,81.2,81.2,14,14,0.62,19,19,42.1,2.12,2.48,0.62,-10.3,6.1,5,2
VISHNU,SMALL,SMALL,Basic Materials,4429.35,658.0,0,0,-4.2,5,5,0.0,0.0,0,NEUTRAL,-0.1,0,0,NEUTRAL,NEUTRAL,-2.37,NEGATIVE,67.9,67.9,7,7,1.7,18,18,66.7,3.04,3.57,1.7,15.0,4.7,4,0
VOLTAMP,MID,MID,Industrials,10586.55,10464.0,0,0,-3.3,3,3,0.0,0.0,0,NEUTRAL,-0.2,0,0,NEUTRAL,NEUTRAL,-0.65,NEGATIVE,47.6,47.6,14,14,0.73,9,9,66.7,1.79,4.87,0.73,-3.9,6.6,3,0
VSTTILLERS,SMALL,SMALL,Industrials,3720.68,4300.0,0,0,-3.3,5,5,0.0,0.0,0,NEUTRAL,0.0,0,0,NEUTRAL,NEUTRAL,-1.29,NEGATIVE,62.5,62.5,7,7,0.81,19,19,47.4,3.89,4.34,0.81,-8.4,4.1,8,0
WABAG,MID,MID,Industrials,12554.56,2009.0,0,0,-3.3,0,0,0.0,0.0,0,NEUTRAL,-0.5,0,0,NEUTRAL,NEUTRAL,-3.69,NEGATIVE,77.8,77.8,14,14,0.85,22,22,50.0,3.98,4.66,0.85,-7.5,4.7,9,2
WELCORP,LARGE,LARGE,Basic Materials,68038.26,2580.1,0,0,-4.2,3,3,0.0,0.0,0,NEUTRAL,0.0,0,0,NEUTRAL,NEUTRAL,-5.41,NEGATIVE,0.0,0.0,21,21,0.17,4,4,25.0,4.16,8.03,0.17,-19.9,7.8,1,0
WIPRO,MEGA,MEGA,Technology,157651.93,159.35,0,0,-4.4,12,12,18.1,18.1,3,POSITIVE,0.0,0,0,NEUTRAL,NEUTRAL,-0.72,NEGATIVE,100.0,100.0,28,28,0.0,1,1,100.0,7.89,0.0,0.0,7.9,14.0,0,0
ZENSARTECH,MID,MID,Technology,9865.78,435.0,0,0,-4.4,8,8,0.0,0.0,0,NEUTRAL,0.1,0,0,NEUTRAL,NEUTRAL,1.0,NEGATIVE,74.2,74.2,14,14,0.78,17,17,47.1,2.9,3.3,0.78,-6.5,5.5,6,1
