Ticker,Sector
509525,
514330,
530845,
543787,
ABBOTINDIA,
ABSLAMC,
ACE,
ADFFOODS,
ADOR,
AIIL,
ALIVUS,
ANANTRAJ,
APLLTD,
ARTEMISMED,
AUTOAXLES,
BAJAJCON,
BAJAJHLDNG,
BASF,
BBTC,
BDL,
BECTORFOOD,
BEL,
BERGEPAINT,
BIKAJI,
BLISSGVS,
BLS,
BORORENEW,
BRITANNIA,
BSE,
BSOFT,
CAMPUS,
CAMS,
CAPLIPOINT,
CARERATING,
CARYSIL,
CASTROLIND,
CDSL,
CIEINDIA,
COLPAL,
CRISIL,
CUMMINSIND,
DABUR,
DBCORP,
DIXON,
ECLERX,
EICHERMOT,
ELLEN,
EMUDHRA,
ENDURANCE,
ESCORTS,
FDC,
FIEMIND,
FINCABLES,
FORCEMOT,
GARFIBRES,
GESHIP,
GILLETTE,
GLAXO,
GODREJCP,
GPIL,
GPPL,
GRANULES,
GRINDWELL,
GRSE,
GUJENERGY,
GULFOILLUB,
HAL,
HAWKINCOOK,
HCLTECH,
HDFCAMC,
HDFCLIFE,
HINDCOPPER,
HSCL,
ICRA,
IEX,
IFBIND,
INDIAMART,
INDIGOPNTS,
INFY,
INGERRAND,
INTELLECT,
IPCALAB,
KAJARIACER,
KENNAMET,
KINGFA,
KIRLPNU,
KKCL,
KMEW,
KSL,
LALPATHLAB,
LGBBROSLTD,
LODHA,
LTFOODS,
LTM,
LTTS,
LUPIN,
MAPMYINDIA,
MARKSANS,
MASTEK,
MAXHEALTH,
MAZDOCK,
MCX,
MODIS,
MOIL,
MSUMI,
NAM-INDIA,
NATIONALUM,
NESCO,
NESTLEIND,
NEWGEN,
NMDC,
NPST,
OBEROIRLTY,
OFSS,
ONGC,
ORIENTELEC,
PARAS,
PATANJALI,
PFIZER,
PGHL,
POWERMECH,
PRICOLLTD,
PRUDENT,
QUESS,
REDINGTON,
ROSSARI,
RPGLIFE,
SAREGAMA,
SBILIFE,
SCHAEFFLER,
SCI,
SEAMECLTD,
SHARDAMOTR,
SIRCA,
SOMANYCERA,
SSWL,
STYLAMIND,
SUBROS,
SUNDRMFAST,
SWARAJENG,
TCS,
TECHM,
TIIL,
TIMETECHNO,
TIMKEN,
ULTRACEMCO,
USHAMART,
UTIAMC,
VAIBHAVGBL,
VBL,
VENUSPIPES,
VGUARD,
VINATIORGA,
VISHNU,
VOLTAMP,
VSTTILLERS,
WABAG,
WELCORP,
WIPRO,
ZENSARTECH,
