Date,Open,High,Low,Close,Volume,SMA_9,SMA_22,SMA_50,SMA_200,EMA_9,EMA_21,RSI_14,MACD_Line,MACD_Signal,MACD_Hist,BB_Upper,BB_Lower,ADX_14,ST_Direction,Ichi_Tenkan,Ichi_Kijun,ATR_14
2025-07-01,486.0,534.5999755859375,486.0,534.5999755859375,16209672,,,,,534.5999755859375,534.5999755859375,,0.0,0.0,0.0,,,,0,,,
2025-07-02,556.0,563.2999877929688,495.6499938964844,525.5999755859375,8415078,,,,,532.7999755859375,533.7817937677556,,-0.7179487179487296,-0.1435897435897459,-0.5743589743589836,,,,0,,,
2025-07-03,525.5,578.1500244140625,518.7999877929688,576.2999877929688,6752785,,,,,541.4999780273438,537.6470841336841,,2.772183017757243,0.4395648086796518,2.332618209077591,,,,0,,,
2025-07-04,582.0499877929688,586.7999877929688,545.7000122070312,562.2999877929688,2634779,,,,,545.6599799804688,539.8882571936191,,4.358215767751858,1.2232950004940932,3.134920767257765,,,,0,,,
2025-07-07,556.2999877929688,588.0,539.0999755859375,566.8499755859375,2301711,,,,,549.8979791015627,542.3393225020117,,5.914129731799221,2.161461946755119,3.7526677850441024,,,,0,,,
2025-07-08,570.0,623.5,563.5499877929688,604.7000122070312,3290356,,,,,560.8583857226564,548.0084761115589,,10.08512929469498,3.7461954163430913,6.338933878351888,,,,0,,,
2025-07-09,625.0,632.4000244140625,589.5499877929688,594.3499755859375,3098978,,,,,567.5567036953126,552.2213397001389,,12.412432249757558,5.479442783025985,6.932989466731573,,,,0,,,
2025-07-10,595.9000244140625,626.1500244140625,595.25,613.2999877929688,1480149,,,,,576.7053605148438,557.7739440722142,,15.606047421951416,7.504763710811071,8.101283711140345,,,,0,,,
2025-07-11,613.0,620.0,592.4500122070312,604.2999877929688,961155,575.8110961914062,,,,582.2242859704688,562.0035844104647,,17.212372158890275,9.446285400426913,7.766086758463363,,,,0,559.2000122070312,,
2025-07-14,598.4000244140625,637.7000122070312,562.5999755859375,569.9000244140625,3879879,579.7333238389757,,,,579.7594336591876,562.72144259261,,15.530579678586037,10.663144256058738,4.867435422527299,,,,0,566.6750030517578,,
2025-07-15,573.7999877929688,583.9500122070312,555.75,559.3499755859375,989769,583.4833238389757,,,,575.6775420445376,562.4149455920034,,13.194349997715676,11.169385404390129,2.0249645933255493,,,,0,578.25,,
2025-07-16,563.9000244140625,574.9500122070312,555.0,570.5499877929688,1121347,582.8444349500868,,,,574.6520311942238,563.1544948830002,,12.107055922406971,11.356919507993496,0.7501364144134754,,,,0,588.3999938964844,,
2025-07-17,574.0,574.9500122070312,564.0,566.3499755859375,477574,583.29443359375,,,,572.9916200725665,563.4449931287218,,10.782171488799008,11.2419699041546,-0.4597984153555909,,,,0,588.3999938964844,,
2025-07-18,569.2000122070312,569.2000122070312,549.25,550.7999877929688,441153,581.5111016167534,,,,568.553293616647,562.2954471891078,46.96695279821259,8.380828003327565,10.669741523989194,-2.2889135206616285,,,,0,593.4750061035156,,41.56429835728237
2025-07-21,553.2999877929688,603.25,551.0499877929688,585.0499877929688,1441589,579.3277655707466,,,,571.8526324519114,564.3640417894587,57.79801860931848,9.136119255413064,10.363017070273967,-1.226897814860903,,,,0,593.4750061035156,,41.83930097307478
2025-07-22,595.0,598.4000244140625,563.4000244140625,572.2999877929688,683709,576.8777669270834,,,,571.9421035201229,565.0854914261414,53.42386333182292,8.606662324649164,10.011746121149008,-1.4050837964998433,,,,0,593.4750061035156,,39.50715855189732
2025-07-23,576.0,582.9500122070312,565.0,569.5999755859375,625998,572.0222100151909,,,,571.4736779332859,565.4958990770319,52.517452425756574,7.878378429904046,9.585072582900017,-1.7066941529959685,,,,0,593.4750061035156,,36.55001395089285
2025-07-24,568.0499877929688,572.5,556.0,558.4500122070312,270773,566.9277682834202,,,,568.8689447880349,564.8553639070318,48.83282107800308,6.328547776388746,8.933767621597761,-2.605219845209016,,,,0,593.4750061035156,,34.792872837611604
2025-07-25,559.9000244140625,566.4500122070312,554.5999755859375,563.0,485827,566.1610989040798,,,,567.695155830428,564.6866944609379,50.36325697204821,5.405134777473677,8.228041052772944,-2.8229062752992675,,,,0,576.25,,32.14644513811384
2025-07-28,563.0,582.4000244140625,542.7000122070312,564.5999755859375,1111136,566.7444322374132,,,,567.07611978153,564.678810926847,50.91919091480424,4.747699457230738,7.531972733664504,-2.7842732764337663,614.4147401948933,526.8102353910442,,0,572.9750061035156,,30.700016566685267
2025-07-29,563.8499755859375,573.5499877929688,556.4000244140625,566.9500122070312,669371,566.3444349500868,,,,567.0508982666303,564.8852837705001,51.773570728866005,4.36597727630442,6.898773642192488,-2.532796365888068,612.6949548396288,531.7650244084181,,0,572.9750061035156,,28.86429704938616
2025-07-30,569.7999877929688,594.4500122070312,560.0499877929688,564.3499755859375,858320,566.1222127278646,570.1613519841975,,,566.5107137304917,564.8366193900853,50.72155711119678,3.8097421359893815,6.280967340951867,-2.4712252049624857,608.4737633607588,539.8612158872882,,0,572.9750061035156,,29.05000959123884
2025-07-31,562.0,586.7999877929688,558.3499755859375,577.6500244140625,491938,569.1055501302084,572.1181723854759,,,568.7385758672059,566.001474392265,55.682322513422,4.391502064926499,5.9030742857467935,-1.5115722208202946,608.5642374009368,539.9057455092194,,0,572.9750061035156,,29.11429704938616
2025-08-01,578.9500122070312,585.9000244140625,558.2000122070312,562.2999877929688,162664,566.5777723524305,573.7863547585227,,,567.4508582523584,565.6649756105109,49.49004482055653,3.5727469276255306,5.437008814122541,-1.86426188649701,608.5642374009368,539.9057455092194,,0,570.5500183105469,,25.728581019810267
2025-08-04,563.9000244140625,567.7999877929688,553.0999755859375,556.2999877929688,142457,564.7999945746528,572.8772638494319,,,565.2206841604806,564.8136130816433,47.276906043732886,2.4119245616191165,4.831991963621856,-2.420067402002739,608.8296012788711,538.5853828519884,,0,568.5750122070312,,24.764295305524552
2025-08-05,560.0,600.1500244140625,531.2999877929688,577.2000122070312,1131221,565.6444430881077,573.5545376864346,,,567.6165497697907,565.9396493657695,54.85082786963931,3.1422004439424427,4.494033659685973,-1.3518332157435309,604.3629743606836,540.3020097701759,,0,565.7250061035156,561.8500061035156,28.257154192243306
2025-08-06,559.0,567.0,536.7000122070312,543.0999755859375,1102593,563.9388834635416,572.4749922318892,,,562.7132349330201,563.8633153857846,43.79609902349209,0.9583145193628296,3.786889831621345,-2.8285753122585158,602.5747200477259,536.9652640831335,21.30472397462819,0,565.7250061035156,566.6750030517578,30.367867606026785
2025-08-07,541.0,541.9000244140625,510.2000122070313,529.25,771515,560.1888834635416,569.0454462224787,,,556.0205879464161,560.7166503507133,40.24805761651281,-1.8684695368853,2.655817957920016,-4.524287494805316,596.3656558199385,534.7693295316241,21.163030163854643,0,555.1750183105469,573.9500122070312,31.29286411830357
2025-08-08,535.0,536.7000122070312,516.5499877929688,521.25,267962,555.3722195095486,565.7227200594815,,,549.0664703571329,557.128773046103,38.31710506210048,-4.700069928112384,1.1846403807135362,-5.8847103088259205,592.6171238053321,530.2128627669335,21.031457339564923,0,555.1750183105469,573.9500122070312,28.985722133091517
2025-08-11,521.25,522.0,504.5,506.2000122070313,380121,548.6222195095486,560.8545393510299,,,540.4931787271125,552.4988856970965,34.92268812055974,-8.065567039446137,-0.6654011033183985,-7.400165936127738,597.6955947856965,518.7643905658659,20.10394219322848,0,552.3250122070312,571.1000061035156,27.735722133091517
2025-08-12,510.0,526.4000244140625,504.1499938964844,518.1500244140625,542009,543.4888916015625,556.9386319247159,,,536.0245478645026,549.3762619440934,39.50523753716029,-9.65715990458034,-2.463752863570787,-7.193407041009553,599.5011872548304,512.8388029795445,19.47798822879084,0,552.1500091552734,570.9250030517578,28.042866298130576
2025-08-13,520.5999755859375,520.7000122070312,509.0,511.7999877929688,420832,536.1722208658854,554.2977211692116,,,531.1796358501958,545.9602370212638,37.97496935637839,-11.300636895133607,-4.231129669883351,-7.069507225250256,600.2664095170509,506.198580717324,18.89674526181303,0,552.1500091552734,570.9250030517578,27.70001002720424
2025-08-14,510.0,512.9500122070312,496.6000061035156,499.25,235228,529.1666666666666,551.5659040971236,,,524.7937086801567,541.7138518375125,35.08258371098772,-13.460617758452033,-6.077027287597087,-7.383590470854944,602.2422482270694,497.512744448712,17.570560611999035,0,548.3750152587891,567.1500091552734,28.0214364188058
2025-08-18,510.0,510.0499877929688,487.6000061035156,490.2999877929688,272841,521.8333333333334,547.9181768243963,,,517.8949645027192,537.0398641970994,33.1438138737702,-15.713474192000715,-8.004316668477813,-7.709157523522904,605.5944573572648,488.11053531851655,16.878225155513327,0,543.8750152587891,562.6500091552734,26.789291381835938
2025-08-19,490.2999877929688,515.4000244140625,489.0,512.9500122070312,966590,514.6944444444445,545.4909057617188,,,516.9059740435816,534.8498776525478,41.8951926284295,-15.492622165972648,-9.50197776797678,-5.990644397995867,600.9597514406825,485.53524367650505,15.879059505564904,0,527.3000030517578,562.6500091552734,27.45001002720424
2025-08-20,512.0,514.0499877929688,502.75,503.9500122070313,148115,510.3444485134549,543.3613614169034,,,514.3147816762717,532.0407989756826,39.67296734160588,-15.860984571039353,-10.773779128589297,-5.087205442450056,598.3872211514499,481.2727764071437,14.9512628306128,0,514.7500152587891,545.4250030517578,25.80000741141183
2025-08-21,505.0,518.75,502.2000122070313,513.75,256671,508.6222262912327,540.1204528808594,,,514.2018253410174,530.3779990688024,43.20558957368021,-15.187070226042351,-11.656437348079908,-3.530632877962443,594.9402464403368,479.1347535596632,14.007533314504936,0,512.1500091552734,545.4250030517578,24.95000566755022
2025-08-22,513.0,534.5,505.3999938964844,527.4000244140625,406985,509.3055623372396,538.0795454545455,,,516.8414651556265,530.1072741001897,47.791436504660496,-13.397111794782743,-12.004572237420476,-1.3925395573622694,592.6304998297122,478.3395013909909,14.111581052889338,0,511.0500030517578,545.4250030517578,25.050005231584816
2025-08-25,527.4000244140625,534.0,516.0,528.7000122070312,303710,511.8055623372396,536.2204562100497,,,519.2131745659074,529.9793412008116,48.22024607604282,-11.738346341852209,-11.951327058306823,0.2129807164546164,589.4793499646091,478.060652476797,14.208196809960569,0,511.0500030517578,545.4250030517578,25.2857186453683
2025-08-26,528.7000122070312,538.7000122070312,507.3999938964844,529.7999877929688,369333,513.1000027126736,534.9181823730469,,,521.3305372113197,529.9630363455532,48.604902400141846,-10.217226110143995,-11.60450686867426,1.3872807585302611,585.8259056718316,478.2340979902779,13.627668109460547,0,513.1500091552734,545.4250030517578,22.60357448032924
2025-08-28,528.5,533.5,514.0999755859375,525.5,581901,514.6222262912327,533.2136369185014,,,522.1644297690558,529.5573057686847,47.13093522354734,-9.252048588898449,-11.134015212719095,1.8819666238206487,581.2232180023087,478.6917844390974,13.08860574471053,0,513.1500091552734,543.8750152587891,21.096433367047982
2025-08-29,520.5499877929688,525.0,510.7000122070313,517.4000244140625,231660,516.6388956705729,531.0681845925071,,,521.2115486980572,528.4520983728099,44.39952321716932,-9.036570821685132,-10.714526334512303,1.6779555128271717,576.488926450244,478.7310808739749,12.315853813311197,0,513.1500091552734,543.8750152587891,19.80357796805245
2025-09-01,513.2999877929688,520.0,513.2999877929688,516.5499877929688,136890,519.5555623372396,528.7772743918679,,,520.2792365170395,527.370088320097,44.11061302728068,-8.832577534278471,-10.338136574465535,1.505559040187066,567.548557631711,481.5614460303984,11.598298448440383,0,513.8500061035156,543.8750152587891,18.84286281040736
2025-09-02,515.2000122070312,524.7999877929688,514.0,517.7999877929688,97241,520.0944485134548,526.6613658558239,,,519.7833867722254,526.5000791812671,44.68067034125897,-8.472382479651742,-9.96498575550278,1.492603275851037,561.5380877082099,483.1219159538995,11.319775421035608,0,520.4500122070312,543.8750152587891,18.36429050990513
2025-09-03,513.2000122070312,517.5999755859375,508.6000061035156,512.0999755859375,97134,521.0,523.6818181818181,,,518.2467045349679,525.190978854419,42.549425557285495,-8.548328838215639,-9.681654372045353,1.133325533829712,556.1172611397649,484.1227413016414,10.576061165193808,0,520.4500122070312,543.8750152587891,17.43214416503906
2025-09-04,515.2000122070312,541.5999755859375,505.7000122070313,527.4500122070312,352888,522.5222235785591,522.0977283824574,,,520.0873660693806,525.3963455228383,49.53104650845112,-7.28590977229419,-9.20250545209512,1.9165956798009292,542.0279762534244,493.2370261879819,11.526439308825925,0,523.4999847412109,543.8750152587891,19.160712105887267
2025-09-05,526.0,529.0,514.7999877929688,523.5,138329,522.0888875325521,520.6068198464134,,,520.7698928555045,525.2239504753074,47.91732653192019,-6.5289053836312405,-8.667785438402344,2.1388800547711035,538.1419786862804,495.1630261965321,12.40893329934146,0,523.6499938964844,543.8750152587891,19.007141113281243
2025-09-08,520.0499877929688,549.7999877929688,517.0,538.25,926602,523.1499972873264,518.8363647460938,,,524.2659142844036,526.408136795734,53.950598799088986,-4.684769120335432,-7.871182174788962,3.1864130544535305,540.0314246743462,494.1735802084663,14.255934882851063,0,527.75,543.8750152587891,19.746427263532357
2025-09-09,540.9000244140625,556.5,540.9000244140625,552.9500122070312,765228,525.7222222222222,519.2840936834162,,,530.0027338689291,528.8210345603974,59.04274491355579,-2.013894787900768,-6.699724697411323,4.685829909510556,546.6530502269285,490.7219558765873,16.242305527731112,0,531.1000061035156,543.8750152587891,19.16428266252789
2025-09-10,555.0,555.5,543.0499877929688,551.2000122070312,419774,528.5777791341146,520.2818215110085,546.71099609375,,534.2421895365496,530.8554870737278,58.21740143733516,-0.0379801993790351,-5.367375797804866,5.329395598425831,551.7671436451405,490.1078624583752,18.08679255511973,0,531.1000061035156,543.8750152587891,19.246427263532357
2025-09-11,551.9500122070312,554.7000122070312,545.2999877929688,551.9000244140625,237600,532.4111124674479,521.6750044389205,547.0569970703125,,537.7737565120522,532.7686268319401,58.46749845968232,1.5663752833499984,-3.980625581573893,5.547000864923891,556.3691536645898,488.8808524389259,19.799530509123443,0,531.1000061035156,543.8750152587891,18.73571559361048
2025-09-12,558.5999755859375,559.4000244140625,547.0,550.5499877929688,289862,536.1888902452257,523.6909124200994,547.5559973144532,,540.3290027682356,534.3851141920336,57.74956138024529,2.697803292542176,-2.6449398067506795,5.342743099292855,560.0922304721825,489.0327756313332,21.60159272119425,0,532.5500183105469,527.3000030517578,17.542859758649545
2025-09-15,551.0,559.7999877929688,545.5499877929688,547.9000244140625,176184,539.5333387586805,525.0431851473721,546.987998046875,,541.843207097401,535.6137423940362,56.28849314131103,3.342112451369303,-1.447529355126683,4.789641806495986,561.8836787099443,492.1063298349776,23.10183649361044,0,532.75,523.6999969482422,17.275002615792403
2025-09-16,548.0499877929688,550.5499877929688,541.2999877929688,544.6500244140625,248172,543.1500108506945,526.5363686301491,546.6349987792969,,542.4045705607333,536.435222577675,54.46839599669048,3.5495670635401666,-0.448110071393313,3.99767713493348,560.8295087218402,498.5955034851911,23.98458280396808,0,532.75,523.6999969482422,15.700001307896198
2025-09-17,546.7000122070312,548.5999755859375,541.0,543.0999755859375,112191,544.8888956705729,528.5295493386009,546.1599987792969,,542.5436515657741,537.0411092147897,53.57855453005546,3.5480012028715464,0.3511121834596589,3.196889019411888,561.8349796919051,500.6050288530169,24.767565930411624,0,537.2999877929688,523.6999969482422,14.85714067731584
2025-09-18,547.75,547.75,534.0499877929688,536.8499755859375,80860,546.3722262912327,530.6454578746449,544.802998046875,,541.4049163698069,537.0237334303486,50.02949339378472,3.0077658282408493,0.882442912415897,2.1253229158249525,560.7217342174737,505.0082706653386,24.66109490910092,0,538.3999938964844,523.6999969482422,14.778570992606022
2025-09-19,540.0,540.9500122070312,525.0,527.2999877929688,123765,545.1555582682291,531.2977294921875,543.4619982910157,,538.5839306544393,536.1397565542231,45.11222189251401,1.7884055731425406,1.0636354445612255,0.7247701285813148,560.0691284190136,507.0158752430957,23.60991657435926,0,542.3999938964844,523.6999969482422,15.439285278320307
2025-09-22,536.2000122070312,536.2000122070312,518.0,518.75,97403,541.3555569118923,531.9704562100497,541.5709985351563,,534.6171445235515,534.5588695947483,41.20724043423925,0.1306353433768663,0.8770354243243539,-0.7464000809474876,560.3312811658524,505.8887200548508,21.98482180738113,0,538.8999938964844,523.6999969482422,15.967858450753344
2025-09-23,517.5,522.5,512.9000244140625,514.7000122070312,68185,537.3000013563368,532.0136385830966,539.7789990234374,,530.6337180602475,532.7535189231377,39.464609300257365,-1.4927521573700917,0.4030779079854648,-1.895830065355556,560.8035533326789,504.01644788802406,20.791835581132244,0,536.3500061035156,523.6999969482422,15.996429443359371
2025-09-24,511.9500122070313,520.7000122070312,508.0499877929688,510.8500061035156,75290,532.7388882107205,531.2613650235263,538.5979986572265,,526.6769756689012,530.7622904849902,37.826942431909885,-3.0547485248184785,-0.2884873785753238,-2.7662611462431546,561.4431508213842,501.4818522303737,20.0812151033287,0,533.9249877929688,524.3999938964844,14.335719517299102
2025-09-25,507.2000122070313,516.5,494.5,497.0499877929688,152054,526.794443766276,529.8227275501598,537.3519989013672,,520.7515780937147,527.6975356948064,32.6042453655801,-5.344579065115681,-1.2997057158833951,-4.044873349232286,563.6873558443301,496.3926459867246,20.377285287303664,0,527.1499938964844,527.1499938964844,14.892861502511156
2025-09-26,497.0,500.0499877929688,485.0,487.0,127739,520.0277743869358,527.8772735595703,535.6809991455078,,514.0012624749718,523.9977597225513,29.41867461348029,-7.879407385697959,-2.6156460498463083,-5.263761335851651,566.9747603849216,490.0652390047269,21.20318569127737,0,517.7749938964844,522.3999938964844,13.625004359654016
2025-09-29,493.6000061035156,502.0,477.2999877929688,479.25,134640,512.7611050075955,525.7750008322976,533.9389996337891,,507.0510099799775,519.9297815659558,27.2107959632268,-10.393823792015157,-4.171281598280078,-6.222542193735077,570.7573649016693,482.5526357086823,22.36681786935641,0,512.9499816894531,518.5499877929688,14.085719517299102
2025-09-30,480.0,484.2000122070313,467.0,469.7000122070313,103009,504.6055535210504,523.6068184592507,532.3170001220703,,499.5808104253883,515.3634388969626,24.74619648898303,-13.007182409600093,-5.938461760544081,-7.06872064905601,575.1133213967471,473.3866816550108,23.916987078331665,0,507.375,513.3999938964844,14.42500523158482
2025-10-01,469.8999938964844,476.0,467.0,469.3500061035156,146219,497.10555691189234,521.4613647460938,530.0030004882813,,493.5346495610138,511.1803995521038,24.65804670321333,-14.934376315856184,-7.737644671606502,-7.196731644249682,578.426707274431,465.79829882908456,25.35642991523725,0,503.9750061035156,513.3999938964844,14.396432059151786
2025-10-03,480.0,480.0,468.0,469.2000122070313,218619,490.6500040690104,519.252274946733,527.9410009765625,,488.66772209021735,507.3640007025517,24.61757600059008,-16.286059073857814,-9.447327552056766,-6.838731521801048,580.1835472432975,458.216458860218,26.22755880905419,0,501.6000061035156,513.3999938964844,14.36785888671875
2025-10-06,469.8999938964844,473.0,451.0499877929688,459.7999877929688,326518,484.1000027126736,516.8750027743253,525.7450012207031,,482.8941752307677,503.0399995289532,22.16262234814484,-17.90933316431017,-11.139728674507449,-6.769604489802722,582.4619775917552,449.5680272910574,27.799694657268656,0,486.7749938964844,505.4249877929688,14.91785975864955
2025-10-07,462.9500122070313,462.9500122070313,433.0,435.8999938964844,385336,475.34444512261285,512.7136383056641,523.2940008544922,,473.4953389639111,496.9363626532742,17.408994403117703,-20.883586358950367,-13.088500211396031,-7.795086147554336,585.4098758126528,436.3851284598081,29.866037310006767,0,476.8500061035156,496.3999938964844,16.396432059151785
2025-10-08,439.0,451.5499877929688,435.1000061035156,444.6499938964844,199658,467.98888821072046,509.1295471191406,520.9270007324219,,467.7262699504257,492.1830564026569,23.848840769649115,-22.277846424734605,-14.926369454063746,-7.351476970670859,582.8147573669374,428.1502450744687,31.784784058977877,0,474.75,496.3999938964844,17.02857535226005
2025-10-09,447.6000061035156,448.0,432.9500122070313,434.1499938964844,138087,461.0,504.39772865988994,518.3180010986329,,461.0110147396375,486.9073234475503,21.665701519208625,-23.95394366801588,-16.731884296854172,-7.222059371161709,580.0493226680807,419.2106779422709,33.6349658565443,0,467.4750061035156,496.375,17.12500217982701
2025-10-10,435.3999938964844,448.9500122070313,430.3500061035156,445.5,614436,456.3888888888889,499.51363719593394,515.8890008544922,,457.9088117917101,483.1430213159548,29.20935157556696,-24.088732261553844,-18.20325388979411,-5.885478371759735,574.245991171755,414.3740069971904,35.43776368376162,0,466.1750030517578,495.0749969482422,17.314287458147327
2025-10-13,447.0,462.3500061035156,442.3999938964844,453.75,227210,453.55555555555554,495.0840911865234,513.6770013427735,,457.0770494333681,480.4709284690498,34.17167340826025,-23.26170073499179,-19.21494325883365,-4.046757476158145,566.7460445444552,412.1939548451932,35.58312283297704,0,457.27500915527344,495.0749969482422,17.439287458147327
2025-10-14,460.0,470.2999877929688,448.0,453.1499938964844,182081,451.71666463216144,490.5954534357245,511.1870007324219,,456.29163832599136,477.9872071442711,33.98508536728515,-22.3965146898463,-19.851257545036177,-2.5452571448101224,558.4620685838736,411.0029277540171,34.93994374597777,0,455.1750030517578,495.0749969482422,18.34643118722099
2025-10-15,453.1499938964844,454.8999938964844,439.0499877929688,443.4500122070313,174229,448.83888753255206,485.7272727272728,508.8100012207031,,453.72331310219937,474.8474621499766,31.03478502912316,-22.237219151755937,-20.32844986638013,-1.908769285375808,549.8951464042593,409.4498487129282,34.802404704044974,0,455.1750030517578,495.0749969482422,18.57500130789621
2025-10-16,443.25,469.9500122070313,443.25,461.5,217309,447.9833306206597,481.7999988902699,506.91400146484375,,455.27865048175954,473.6340564999786,41.25458752448989,-20.419114286271565,-20.34658275035841,-0.0725315359131499,539.4963144130237,411.6886831455701,33.37313424891647,0,451.6750030517578,495.0749969482422,18.910716465541302
2025-10-17,464.0,466.2000122070313,454.75,458.9500122070313,149982,447.8888888888889,477.9045437899503,504.5490014648437,,456.0129228268139,472.299143382438,40.344992819901925,-18.965394522880786,-20.070345104862888,1.1049505819821022,529.0397556822661,414.3552455384369,32.04595454058286,0,450.3249969482422,495.0749969482422,18.653575352260056
2025-10-20,466.0,466.0,447.7999877929688,449.4500122070313,97305,449.3944464789497,473.64772727272725,502.6760021972656,,454.7003407028574,470.22194963921913,37.06613097993226,-18.368145198026184,-19.72990512349555,1.3617599254693644,519.5511855274203,416.0588181346891,31.22958967441506,0,450.3249969482422,495.0749969482422,18.189289637974344
2025-10-21,454.5,463.9500122070313,451.4500122070313,461.2999877929688,46928,451.2444458007813,470.21363691850144,501.317001953125,,456.0202701208797,469.4108621986509,43.26050564121009,-16.745594025566334,-19.133042903909708,2.387448878343374,510.81752441192,419.04747802948623,30.471536584402106,0,450.3249969482422,495.0749969482422,17.996431623186393
2025-10-23,470.0,470.0,452.0499877929688,455.2000122070313,69497,453.5833367241754,466.9363653009588,499.9960021972656,,455.85621853811006,468.1189667448673,41.02216128891865,-15.770139233194698,-18.460462169766707,2.6903229365720094,501.5387876565532,422.3762147848531,29.21147183539337,0,450.3249969482422,490.4499969482422,18.635718209402903
2025-10-24,458.0,458.5499877929688,442.0,443.3999938964844,88748,453.3500027126736,463.5113650235263,498.7400018310547,,453.3649736097849,465.8717873950143,37.03066202896078,-15.767489341058932,-17.921867604025152,2.154378262966219,491.5703257609821,425.5996754597211,28.68600759483708,0,454.6749877929688,489.47499084472656,18.960717337472108
2025-10-27,446.3999938964844,459.4500122070313,443.2999877929688,455.3500061035156,145296,453.5277811686199,460.8136374733665,497.4840014648437,,453.7619801085311,464.91526182305984,43.07175678984396,-14.632449399467871,-17.263983963113695,2.631534563645822,484.0761773017229,428.923825750035,28.112031518153035,0,454.6749877929688,489.0500030517578,18.5464324951172
2025-10-28,455.3500061035156,457.9500122070313,444.3500061035156,446.75,83265,452.8166707356771,457.9000008322976,496.1830017089844,,452.3595840868249,463.26387438459983,40.090859694119125,-14.262461904775703,-16.663679551446098,2.4012176466703927,478.3110877260663,430.6639153256915,27.579053732660707,0,454.5249938964844,485.65000915527344,17.378574916294657
2025-10-29,451.7000122070313,456.7000122070313,445.5,454.0499877929688,112167,453.9944458007813,455.9454553777521,495.27900146484376,,452.6976648280537,462.4262483308152,43.655486658352224,-13.227715275537548,-15.976486696264388,2.74877142072684,474.00797524856273,432.447026582492,27.08414578898926,0,456.0,483.27500915527344,17.003577096121663
2025-10-30,455.9500122070313,473.5499877929688,452.5,465.0,203289,454.38333468967016,454.9454553777521,494.7730017089844,,455.158131862443,462.6602257552865,48.596238623880254,-11.392767908188487,-15.05974293864921,3.666975030460721,473.0834888054494,432.90151180490216,25.29260488416548,0,457.7749938964844,476.4250030517578,17.4321485246931
2025-10-31,467.3999938964844,467.3999938964844,453.0,463.0,122797,454.83333333333337,454.20681901411575,493.77400146484376,,456.7265054899544,462.6911143229877,47.77225750486965,-9.98484312854822,-14.044762976629013,4.059919848080792,471.8577393092663,433.4922606907337,23.629031186829103,0,457.7749938964844,475.52500915527344,17.132147652762292
2025-11-03,463.0,467.8500061035156,455.0,464.6499938964844,67490,456.522220187717,453.9772727272728,492.9880010986328,,458.3112031712605,462.8691942842146,48.54736027749967,-8.636357327930455,-12.9630818468893,4.326724518958846,470.89904235030406,433.9959558186413,22.12475651427305,0,457.7749938964844,473.4250030517578,16.625004359654035
2025-11-04,464.6499938964844,464.6499938964844,450.0,458.0499877929688,105261,456.1611090766059,453.4636355313388,491.8740008544922,,458.25896009560216,462.4310846031923,45.63022020183829,-8.007927545642247,-11.972050986639893,3.964123440997645,470.6808703965024,434.0391277724429,20.83496931598906,0,457.7749938964844,466.1750030517578,16.07857622419086
2025-11-06,458.0,465.0,452.2999877929688,460.3999938964844,76804,456.7388848198785,453.0636346990412,490.5340002441406,,458.6871668557786,462.2464399934916,46.85473924052653,-7.236844721681336,-11.02500973364818,3.788165011966843,470.4937653723165,436.6762327966288,19.601225763409268,0,457.7749938964844,466.1750030517578,15.853576660156262
2025-11-07,456.2000122070313,469.0,449.0499877929688,463.6000061035156,99008,458.9833306206597,453.23636280406606,489.2320001220703,,459.6697347053261,462.3694914580392,48.5538745627729,-6.294977208083424,-10.079003228535228,3.7840260204518046,471.4568900191628,437.6081093704856,18.363701768811488,0,458.4249877929688,457.27500915527344,15.371433803013398
2025-11-10,468.0,472.0,446.0,452.8999938964844,144817,458.7111070421007,454.0090900767933,487.6940002441406,,458.31578654355775,461.5086280433524,43.54107960509054,-6.338871415277538,-9.33097686588369,2.992105450606152,469.4640330087045,441.4759663809439,17.212673506715582,0,458.9499969482422,455.1750030517578,16.410718645368302
2025-11-11,448.2999877929688,461.9500122070313,435.0,445.1499938964844,160497,458.53332858615454,454.0318173495206,486.0870001220703,,455.6826280141431,460.02147948454615,40.29603634385081,-6.919257230996266,-8.848632938906205,1.929375707909939,469.4998036854672,441.40519509382966,17.167776960294823,0,454.2749938964844,455.1750030517578,17.035718645368313
2025-11-12,444.8999938964844,451.8999938964844,439.9500122070313,442.25,71183,457.2222188313802,454.3999994451349,484.58399963378906,,452.9961024113145,458.4058904404965,39.12110503683768,-7.526462072877223,-8.584198765700409,1.0577366928231855,470.1097165373412,439.64528224195567,17.126087310046977,0,454.2749938964844,451.9499969482422,16.853574480329247
2025-11-13,442.0,450.8999938964844,436.0,437.2999877929688,634615,454.1444396972656,454.0272716175426,482.9989996337891,,449.8568794876454,456.487172017994,37.13097972021389,-8.311293483198142,-8.529617709199956,0.2183242260018136,471.22541356323023,436.9445846057151,17.430319263771853,0,453.5,451.9499969482422,16.6357160295759
2025-11-14,436.5,444.75,436.5,440.6499938964844,268478,451.6611056857639,453.4318167946556,481.45599975585935,,448.0155023694133,455.0474285524022,39.378581747495495,-8.564237337918996,-8.536541634943763,-0.0276957029752331,471.4920777207236,436.397918617167,17.71282036365924,0,453.5,451.9499969482422,16.04285975864956
2025-11-17,445.0,445.3500061035156,433.5499877929688,436.6000061035156,234403,448.544440375434,452.6795446222479,479.9460003662109,,445.73240311623374,453.370390147958,37.62721308434144,-8.987890525667353,-8.626811413088483,-0.3610791125788708,471.4801403718159,433.9198565764264,18.241794136669693,0,452.7749938964844,451.9499969482422,15.732145036969866
2025-11-18,435.1000061035156,438.4500122070313,417.6000061035156,422.0499877929688,185289,444.544440375434,451.70681623979056,477.8379998779297,,440.9959200515808,450.5230808429589,32.103138805051216,-10.378071657358134,-8.977063461942414,-1.40100819541572,473.83130133561536,427.87869317122073,19.891538628894107,0,444.8000030517578,445.5749969482422,16.25000217982701
2025-11-19,424.9500122070313,425.0,408.8999938964844,410.7000122070313,766920,439.022220187717,449.3977258855648,475.5820001220703,,434.936738482671,446.9028018760564,28.57851199607988,-12.254387443659482,-9.632528258285827,-2.621859185373653,478.0919122348381,419.743082271998,21.896405946814827,0,440.4499969482422,441.22499084472656,16.600001743861604
2025-11-20,415.5,415.6499938964844,409.0,410.75,46250,433.1499972873264,447.20681623979056,473.0320001220703,,430.0993907861368,443.6161835236876,28.61568452957249,-13.580796655212453,-10.422181937671157,-3.158614717541297,479.535967012998,413.2440287145412,23.758068456312635,0,440.4499969482422,441.22499084472656,15.571430751255573
2025-11-21,410.2000122070313,411.6000061035156,403.3500061035156,405.0499877929688,102846,427.8333299424913,445.1886333118786,470.0739996337891,,425.08951018750327,440.1101657299859,26.89663747938553,-14.919941066474848,-11.321733763431894,-3.5982073030429547,481.5073522825487,406.2576410035842,25.778009386804374,0,432.65000915527344,438.4499969482422,15.13214547293526
2025-11-24,401.1000061035156,404.8999938964844,388.2999877929688,391.5499877929688,111031,421.87777370876734,442.0181787664241,466.8809991455078,,418.3816057085964,435.695604099348,23.322998513983748,-16.876023541777613,-12.432591719101037,-4.443431822676576,485.6053231055351,396.9746695702464,28.282387738839304,0,420.09999084472656,430.9249877929688,15.410716465541286
2025-11-25,392.0,397.7000122070313,388.0,394.75,46239,416.5999959309896,439.2704509388317,463.73799865722657,,413.6552845668771,431.9732764539527,25.8383272491825,-17.96097580600633,-13.538268536482096,-4.422707269524235,486.6290775741484,389.8909144912814,30.618857983157017,0,419.4499969482422,430.7749938964844,15.057146344866068
2025-11-26,397.9500122070313,401.5,394.2999877929688,397.1499938964844,48096,412.1388854980469,437.1681782115591,460.66999877929686,,410.35422643279855,428.8075234941828,27.752562307439604,-18.414873641725137,-14.513589557530704,-3.901284084194433,487.2998280080801,384.26016344699815,32.20415898203304,0,416.6750030517578,430.7749938964844,14.664289202008923
2025-11-27,396.4500122070313,400.0,392.6000061035156,394.8500061035156,34447,407.0499979654948,434.4181782115591,457.60899841308594,,407.253382366942,425.7204764586676,27.03244838340881,-18.7441103040012,-15.359693706824803,-3.384416597176393,486.6699477459554,378.9700455401775,33.75675805451931,0,416.6750030517578,430.7749938964844,13.767859322684153
2025-11-28,394.8500061035156,398.8500061035156,389.7000122070313,392.8999938964844,53510,402.1944410536024,431.9704506613992,454.5739978027344,,404.3827046728505,422.7367962257418,26.406828068820403,-18.9440076906302,-16.076556503585884,-2.867451187044317,483.6446038375637,374.7853888382176,35.336799811469795,0,413.2250061035156,430.7749938964844,12.564287458147318
2025-12-01,399.0,400.5,382.9500122070313,385.1000061035156,63194,398.08888753255206,428.8363605846059,451.413998413086,,400.52616495898354,419.315269850994,24.01289873857803,-19.50695757314753,-16.762636717498214,-2.744320855649317,480.71057299942726,369.9294202867056,37.10449858637512,0,403.9750061035156,428.25000000000006,11.89285714285713
2025-12-02,385.1000061035156,386.25,374.0,375.4500122070313,65466,394.1722208658855,424.7659065940164,448.1859991455078,,395.51093440859313,415.32751915608833,21.42507210054784,-20.495513745515723,-17.50921212310172,-2.986301622414004,477.2718021933336,364.448192923854,39.08760913038331,0,394.8249969482422,423.7749938964844,11.914287022181911
2025-12-03,378.8500061035156,378.8500061035156,369.1000061035156,371.25,45263,389.7833319769966,420.59545204856187,445.0649993896485,,390.65874752687455,411.3204719600803,20.394876102999103,-21.371500167783665,-18.28166973203811,-3.0898304357455544,474.2256581582227,358.814338179668,41.094677215602616,0,390.3500061035156,421.3249969482422,11.54643031529017
2025-12-04,371.0,379.0,362.2999877929688,363.5499877929688,95531,385.1722208658855,415.9999972256748,441.9609991455078,,385.23699558009343,406.977700672161,18.62657537868577,-22.428510444847632,-19.11103787460001,-3.3174725702476167,470.12874064081535,353.2262550867237,43.16879963548383,0,383.59999084472656,417.9249877929688,12.1500026157924
2025-12-05,361.4500122070313,366.1000061035156,353.25,354.70001220703125,74529,381.07777913411456,411.3022710626776,438.7609991455078,,379.129598905481,402.22518353896737,16.821350703412065,-23.70703779760953,-20.03023785920192,-3.676799938407612,464.6072016694838,347.8577946684068,45.33798171538701,0,377.375,413.3999938964844,12.2250017438616
2025-12-08,355.0,356.0,343.0,348.04998779296875,66135,375.8888888888889,406.1954526034269,435.5049987792969,,372.9136766829786,397.3001657438766,15.59804691778021,-24.969053622147555,-21.018001011791046,-3.951052610356509,460.5388309140887,341.4411648134504,47.58296825158115,0,372.25,407.5,11.664287022181908
2025-12-09,345.0,356.6499938964844,338.0,351.3500061035156,181107,370.8000013563368,401.0931798761542,432.5909991455078,,368.600942567086,393.12287850384376,18.755558169970055,-25.41001551549249,-21.896403912531333,-3.513611602961156,455.9796756210373,336.62032132720486,49.76760495747712,0,369.25,405.0,11.846429007393962
2025-12-10,351.25,358.0,343.1499938964844,346.54998779296875,1659353,365.4333326551649,396.25908868963074,429.7819989013672,,364.19075161226255,388.8889793483097,17.71730943970978,-25.848833097552813,-22.68688974953563,-3.161943348017182,451.0281802361797,332.00181549135937,51.57703048401126,0,369.25,405.0,12.43214416503905
2025-12-11,352.79998779296875,368.5,346.0,348.45001220703125,244684,360.4944458007813,391.8636349764738,427.16599914550784,,361.0426037312163,385.2127096081935,19.614240319294534,-25.74649355077969,-23.298810509784445,-2.447683040995244,445.4492273968167,328.69577077212864,51.68052115125065,0,369.25,405.0,13.450001307896192
2025-12-12,352.0,355.70001220703125,349.6499938964844,352.25,50722,356.84444512261285,387.7727258855646,424.8169989013672,,359.284082984973,382.2160996438122,23.416868366384293,-25.06977273092548,-23.653002954012653,-1.416769776912826,437.21020806638575,328.0947907129111,51.77661962797294,0,362.125,405.0,12.771429879324764
2025-12-15,357.8500061035156,357.8500061035156,345.6000061035156,349.95001220703125,69501,354.01111178927954,383.8022724498402,422.4289990234375,,357.4172688293847,379.2828189677412,22.716425472067183,-24.43735775035418,-23.80987391328096,-0.6274838370732212,428.4194588818162,328.22054050783225,52.04496735735355,0,358.5,405.0,12.953571864536814
2025-12-16,349.95001220703125,359.8999938964844,348.1499938964844,353.6000061035156,67426,352.0500013563368,379.8454548228871,420.1169989013672,,356.6538162842109,376.94801779826616,26.475058267795745,-23.372219916279903,-23.722343113880747,0.3501231976008441,421.65957774638855,328.1354234743146,51.98001072914001,0,358.5,399.9750061035156,13.278570992606015
2025-12-17,357.0,357.95001220703125,341.1000061035156,343.45001220703125,53554,349.81667073567706,375.6113641912287,417.7899993896484,,354.013055468775,373.90274456269935,23.10926689727694,-23.081046255499302,-23.594083742204457,0.513037486705155,417.1138112253285,325.95618999537464,52.250562538117,0,353.25,394.9499969482422,13.953571864536816
2025-12-18,341.5,345.5,340.0,341.54998779296875,47399,348.35555691189234,371.9522732821378,415.9029992675781,,351.52044193361377,370.96158485636016,22.531803700627336,-22.74145577645976,-23.42355814905552,0.6821023725957609,411.578504089154,324.571495910846,52.551326272550334,0,353.25,394.4499969482422,13.69285801478794
2025-12-19,342.0,349.75,340.8500061035156,348.6000061035156,49916,348.41667005750867,369.129545731978,413.9819995117188,,350.93635476759414,368.928714060647,29.564847887608465,-21.653838347579324,-23.06961418876028,1.415775841180956,405.88546981234754,324.6195320187071,52.14617555869848,0,353.25,391.6750030517578,13.0750013078962
2025-12-22,350.3500061035156,355.45001220703125,348.0,349.25,54111,348.18333604600696,366.3340911865234,412.28399963378905,,350.59908381407536,367.1397400551336,30.194087173067203,-20.503097676827167,-22.55631088637366,2.053213209546492,402.3870111778618,323.887991873896,50.917365896452296,0,354.25,391.6750030517578,12.732145036969865
2025-12-23,349.25,353.0,345.54998779296875,346.6000061035156,54427,348.1888936360677,363.6772738370028,410.3059997558594,,349.79926827196346,365.2724915140775,29.054468425969677,-19.579262217959357,-21.9609011526908,2.381638934731445,397.65298465257536,323.807019009534,49.94479700005899,0,354.25,388.2250061035156,12.567860194614951
2025-12-24,348.8999938964844,352.5,342.0,344.6499938964844,95778,347.76666937934027,361.5454559326172,408.1239996337891,,348.76941339686766,363.3977190033872,28.210689789237364,-18.78789054199467,-21.32629903055157,2.538408488556904,391.413906820915,324.7960968411944,49.281484707892346,0,349.9499969482422,381.5,12.125002179827009
2025-12-26,350.0,350.0,344.1499938964844,347.5,56704,347.2388916015625,359.39772865988994,406.01099975585936,,348.51553071749413,361.952471821261,31.34872175150961,-17.726412069183596,-20.60632163827798,2.879909569094384,384.4656814970468,327.00932155471094,48.66555186516617,0,349.9499969482422,376.8249969482422,11.625002179827009
2025-12-29,353.8999938964844,353.8999938964844,337.75,339.1499938964844,100515,346.0388895670573,356.76136502352625,403.92499938964846,,346.6424233532922,359.879519282645,27.549174433322136,-17.358856350091457,-19.956828580640675,2.597972230549217,376.7581213266869,329.34188172507083,48.52035579300169,0,348.8249969482422,374.6750030517578,11.850001743861608
2025-12-30,339.5,345.5,332.20001220703125,343.3999938964844,159617,344.90555487738715,354.4227281050249,401.5629992675781,,345.9939374619306,358.3813806111758,32.06261440629508,-16.534032281285988,-19.272269320769738,2.7382370394837494,369.5962213984324,332.33378043262235,48.713136381020895,0,345.07501220703125,368.5500030517578,11.467858450753347
2025-12-31,347.5,347.5,339.1000061035156,340.1499938964844,90358,344.53888617621527,352.0250008322976,399.1869989013672,,344.8251487488414,356.7239818189312,30.497974360133757,-15.958639836708642,-18.60954342395752,2.6509035872488766,364.4451912934989,333.9548087065011,48.543522189024,0,343.82501220703125,366.8500061035156,11.00714329310826
2026-01-01,340.0,343.0,334.25,336.45001220703125,86634,343.97222222222223,349.8136374733665,396.9269989013672,,343.1501214404794,354.8808936723948,28.77629870078724,-15.621124183429629,-18.011859575851943,2.3907353924223145,359.7698858523179,335.1501153683853,48.68398815612281,0,343.82501220703125,366.8500061035156,10.0250004359654
2026-01-02,334.0,342.5,334.0,341.6000061035156,62234,343.19444444444446,348.2750008322976,394.5329992675781,,342.8400983730867,353.67354025704213,34.333027032501136,-14.767844609392624,-17.36305658256008,2.595211973167455,356.32183798611896,336.4031650656388,48.82960993552442,0,343.82501220703125,366.3500061035156,10.114286150251116
2026-01-05,340.1499938964844,342.04998779296875,327.0,329.3999938964844,135098,340.98888821072046,346.3727278275923,392.0169989013672,,340.1520774777662,351.4668542242642,28.633844988928274,-14.904246548136598,-16.871294575675385,1.9670480275387876,356.8614316786412,333.3335695420619,49.3685625157264,0,340.4499969482422,363.75,10.314285278320312
2026-01-06,331.0,333.6000061035156,319.0,321.6000061035156,92684,338.2111104329427,344.4659104780717,389.5809991455078,,336.4416632029161,348.75168621328703,25.69687755904168,-15.46348644889207,-16.589732950318723,1.1262465014266532,359.4411759040137,328.10882714774414,50.25450372756254,0,336.4499969482422,359.75,10.517857142857142
2026-01-07,324.95001220703125,328.20001220703125,317.0,321.1000061035156,57552,335.59444512261285,342.9386374733665,386.8959991455078,,333.373331783036,346.2378971123987,25.516203301281564,-15.76530134037978,-16.424846628330933,0.6595452879511541,360.4822677810787,324.04273527067915,51.1651774719615,0,335.4499969482422,351.625,10.114286150251116
2026-01-08,323.25,330.0,310.0,313.6499938964844,303610,331.8333333333333,341.3750013871626,384.2339990234375,,329.4286642057257,343.2753604564065,22.929309694153545,-16.416407413298487,-16.423158785324446,0.0067513720259597,362.731950624377,318.5030530377324,52.29707548384952,0,331.9499969482422,344.5,11.1500004359654
2026-01-09,317.70001220703125,320.0,286.5,294.3999938964844,251334,326.8611111111111,338.78636446866125,381.04099914550784,,322.42293014387747,338.8321453145954,17.88402013019615,-18.275064223553382,-16.793539872970236,-1.4815243505831504,367.8328590316846,307.99714279937007,54.01126384145944,0,317.0,332.75,12.90714372907366
2026-01-12,289.0,292.04998779296875,279.54998779296875,281.79998779296875,245303,320.0166659884983,335.8431826504794,377.3769989013672,,314.29834167369575,333.6474037217202,15.482621213426327,-20.528142676044297,-17.540460433585046,-2.9876822424592504,372.63511610626847,296.14988450408305,55.74229198887621,0,313.5249938964844,324.0249938964844,13.435714721679688
2026-01-13,285.0,288.70001220703125,277.0,281.04998779296875,94807,313.4499986436632,332.77954517711294,373.73799865722657,,307.64867089755035,328.86582045547004,15.350492663110174,-22.11926519379591,-18.45622138562722,-3.663043808168691,375.2262588661059,286.6687393028394,57.39859218453673,0,310.0,322.75,13.739286150251116
2026-01-14,283.70001220703125,283.70001220703125,272.54998779296875,274.79998779296875,161790,306.5999959309896,329.2590900767933,369.94099853515627,,301.0789342766341,323.950744758879,14.258477256077056,-23.61237525535296,-19.487452159572367,-4.124923095780591,376.5141707712959,277.5008255665947,59.02064969850737,0,307.5249938964844,320.5249938964844,13.785716465541295
2026-01-15,274.79998779296875,274.79998779296875,274.79998779296875,274.79998779296875,0,299.17777167426215,325.8431798761541,366.27599853515625,,295.82314497990103,319.48249412561444,14.258477256077056,-24.513103933150035,-20.4925825142879,-4.020521418862135,377.5953675346773,269.55462636180704,60.5268459614801,0,307.29998779296875,320.5249938964844,13.36785888671875
2026-01-16,274.79998779296875,278.5,266.04998779296875,268.3999938964844,203678,292.3999938964844,321.9704520485618,362.4359985351563,,290.33851476321774,314.8386304684208,13.14770433044751,-25.449992251563515,-21.484064461743024,-3.9659277898204905,378.5242808870835,261.3107136197525,62.08600131456135,0,299.8249969482422,317.2749938964844,13.10357448032924
2026-01-19,266.0,270.8999938964844,258.3500061035156,260.04998779296875,113102,285.56110297309027,318.17954184792256,358.3649981689453,,284.280809369168,309.85784477065243,11.850574465860092,-26.560090512121636,-22.499269671818745,-4.060820840302888,378.20818601934815,252.77180665643303,63.65569113990493,0,294.1750030517578,309.125,13.050003051757812
2026-01-20,261.95001220703125,273.0,248.3000030517578,261.29998779296875,407703,278.9166564941406,314.5318145751953,354.532998046875,,279.68464505392814,305.4434941363175,13.23066539054247,-27.027431422677186,-23.40490202199043,-3.622529400686752,376.1342195051732,246.05077194990497,65.24951042898508,0,289.1500015258789,304.0999984741211,14.214288984026227
2026-01-21,261.3500061035156,263.0,249.1999969482422,254.5500030517578,158664,272.34999084472656,310.25681443647903,350.72099822998047,,274.6577166534941,300.81681312863026,12.12657685895944,-27.624037113463487,-24.24872904028504,-3.375308073178445,373.9353071183559,239.04468403154644,66.72948548313093,0,284.1500015258789,304.0999984741211,14.575003487723214
2026-01-22,260.54998779296875,266.25,253.0500030517578,260.8500061035156,211355,268.6222144232856,306.2386328957298,347.0929983520508,,271.89617454349843,297.183467035438,18.92678578804301,-27.274095036720382,-24.85380223957211,-2.420292797148271,370.1742359356033,234.42575643500223,67.53312068726304,0,270.1749954223633,303.12500762939453,14.9107175554548
2026-01-23,261.0,262.70001220703125,248.0,249.8000030517578,125977,265.06666056315106,301.8386327570135,343.3429986572266,,267.4769402451504,292.875879400558,16.51300830263237,-27.570589721045053,-25.3971597358667,-2.173429985178352,365.65417086701166,229.1758218087696,68.38483253329235,0,268.3500061035156,301.7250061035156,14.885719299316406
2026-01-27,249.8000030517578,256.45001220703125,247.9499969482422,248.9499969482422,92164,261.499994913737,297.4886328957298,339.5089987182617,,263.77155158576875,288.8826173594384,16.340374160263465,-27.556498126183385,-25.82902741393004,-1.7274707122533464,361.4523641148943,224.3576288660628,69.1767563900961,0,265.8250045776367,301.7000045776367,14.450005667550224
2026-01-28,251.0500030517578,260.6000061035156,250.0,256.8999938964844,112279,259.5111067030165,293.3704508001154,335.9149984741211,,262.3972400479119,285.97510613553345,24.3105091530922,-26.59723574543557,-25.982669080231148,-0.6145666652044213,354.58083474334614,222.57915823761087,69.14248966268775,0,263.2249984741211,301.7000045776367,14.48214830671038
2026-01-29,257.0,264.5,252.3000030517578,258.6499938964844,88156,257.7166629367405,289.71135989102453,332.6469985961914,,261.6477908176264,283.49100502289264,25.982146314004225,-25.402973358861857,-25.86672993595729,0.4637565770954346,347.0741220712171,221.9358709097399,68.42047117717568,0,263.2249984741211,300.9249954223633,13.92500523158482
2026-01-30,257.0,273.3999938964844,254.0,271.3999938964844,187520,258.0499962700738,286.4386326182972,329.86099822998045,,263.59823143339804,282.3918221932191,36.91405221755439,-23.16071110888112,-25.32552617054206,2.164815061660942,339.03181203770976,223.4731791121926,66.34827505017546,0,260.6749954223633,300.9249954223633,12.917861938476562
2026-02-02,262.5,262.5,245.1000061035156,253.3500061035156,94077,257.3055538601345,282.4931786277077,326.7129983520508,,261.5485863674216,279.7516570941552,30.129735330437452,-22.57989827418851,-24.776400591271347,2.196502317082839,328.3538332018715,225.3261579480308,64.93176103387842,0,259.25,299.5,13.735717773437502
2026-02-03,268.0,268.0,253.0500030517578,255.3999938964844,126640,256.6499989827474,278.8090868863192,323.7199984741211,,260.3188678732342,277.5378695307306,31.66580713583033,-21.703992915669005,-24.16191905615088,2.4579261404818737,319.0879723746076,227.19201877529477,62.858586687323566,0,259.25,299.5,13.967859540666854
2026-02-04,250.0,262.8999938964844,250.0,258.95001220703125,133198,257.1388888888889,275.0522689819336,321.0679989624023,,260.0450967399936,275.8480643194852,34.35715911402113,-20.48721098418514,-23.42697744175773,2.9397664575725955,310.2305859697629,229.78440579049095,61.12326879900955,0,259.25,296.3000030517578,14.092857360839846
2026-02-05,262.8500061035156,262.8500061035156,253.0500030517578,254.25,56217,256.40555487738715,271.63636016845703,318.2579989624023,,258.8860773919949,273.8846039268047,32.530425381830696,-19.67534906595739,-22.67665176659767,3.0013027006402773,299.4302485031698,233.89974264673248,59.51190218843225,0,259.25,296.3000030517578,14.792857578822549
2026-02-06,256.0,256.8999938964844,248.8000030517578,254.75,124767,256.955554538303,268.5977235273881,315.40999908447264,,258.05886191359593,272.14509447891334,32.9389180444317,-18.775168371437587,-21.89635508756565,3.121186716128065,288.2592668151831,239.18072494507075,58.29114777909719,0,259.25,294.0500030517578,14.482141767229354
2026-02-09,257.0,280.20001220703125,255.6499938964844,276.3500061035156,330501,260.0,266.5636326182972,313.03999908447264,,261.71709075157986,272.527359172059,47.67690760796971,-16.132859153838922,-20.743655900820308,4.610796746981386,283.654204547515,241.980788433442,54.406450165388485,0,262.65000915527344,293.8000030517578,15.403572082519531
2026-02-10,282.0,282.0,271.0,273.8999938964844,211115,261.8888888888889,264.75681443647903,310.65999908447264,,264.1536713805608,272.6521441470068,46.43047200667304,-14.074266191850027,-19.40977795902625,5.335511767176225,282.00587422670986,242.8391193645988,50.63592172162282,0,263.5500030517578,293.5749969482422,14.425000871930806
2026-02-11,272.04998779296875,273.8999938964844,257.0,258.6000061035156,411115,261.88333468967016,263.1295422640714,308.1299990844727,,263.0429383251518,271.3746770521439,39.48772419155959,-13.521529806917728,-18.23212832860455,4.710598521686823,278.85648771212414,243.7435077102391,48.228326151515006,0,263.5500030517578,289.3500061035156,14.646428789411274
2026-02-12,259.1000061035156,259.3500061035156,248.1000061035156,249.6999969482422,122996,259.47222391764325,261.67045177112925,305.61499877929685,,260.3743500497699,269.4042515881529,36.10561879950806,-13.644354967212848,-17.31457365632621,3.670218689113362,277.12008885344966,242.96990748444097,46.564016680022384,0,263.5500030517578,287.5500030517578,14.507143293108262
2026-02-13,245.75,246.75,237.5,239.6499938964844,143311,257.9500003390842,259.7886338667436,302.9829986572266,,256.2294788191128,266.69931907072845,32.699735979269605,-14.386803926362576,-16.729019710333482,2.3422157839709072,276.18412741791764,240.39086953032452,45.60802185234538,0,259.75,283.75,14.32857077462333
2026-02-16,242.0,242.0,229.75,233.3500061035156,393595,255.50000169542105,257.9045437899503,300.3789990234375,,251.65358427599332,263.6675633464364,30.74203770526773,-15.307105653609996,-16.444636898988787,1.137531245378792,276.9494685954733,236.120529573472,45.100497109605016,0,255.875,274.875,14.596426827566969
2026-02-17,236.0,248.25,230.25,245.75,349218,254.03333367241757,256.5840897993608,298.1999987792969,,250.4728674207947,262.0386939513058,38.54126497282395,-14.864526517647164,-16.12861482272046,1.2640883050732974,276.71221311620377,234.9277862734447,43.989107414388286,0,255.875,260.8999938964844,15.049997602190292
2026-02-18,250.1000061035156,270.29998779296875,247.3000030517578,254.0500030517578,850799,254.0111117892795,255.93181748823687,296.31999908447267,,251.1882945469873,261.3124493240741,43.155618606820944,-13.686271663203854,-15.64014619081714,1.9538745276132872,276.20041943945347,234.71458147607387,41.13126903445927,0,255.875,259.2250061035156,15.932139805385049
2026-02-19,255.8000030517578,258.0,242.6499938964844,245.9499969482422,107102,253.03333367241757,255.29090881347656,294.2119989013672,,250.14063502723832,259.915862744453,39.99936338187288,-13.253322943185935,-15.1627815412909,1.9094585981049652,276.20170160339575,233.85329870178003,38.77173957012146,0,255.875,256.7250061035156,15.642854963030135
2026-02-20,247.0,250.5500030517578,240.0,241.9499969482422,128295,249.21111043294272,254.4113637750799,292.1199990844727,,248.5025074114391,258.28260221752475,38.501833463007394,-13.082171405357798,-14.74665951410428,1.6644881087464825,275.8414970151572,232.3235023744913,36.74911688764857,0,255.875,255.875,14.51785605294364
2026-02-23,245.5500030517578,245.6000061035156,238.1999969482422,240.8999938964844,72715,245.54444376627603,253.79090881347656,289.96899871826173,,246.98200470844816,256.7023650974302,38.09860906490888,-12.882754672950568,-14.373878545873538,1.4911238729229694,276.1173592493232,231.15763922479795,34.988759844843955,0,251.8249969482422,255.875,13.978571210588726
2026-02-24,243.8999938964844,243.8999938964844,235.25,238.25,89086,243.2833319769965,252.7636358087713,287.6889987182617,,245.23560376675852,255.02487736130016,37.04416346521018,-12.791099997730498,-14.057322836244932,1.2662228385144338,276.5409404310349,229.66405834826196,33.551787895965376,0,250.0249938964844,255.875,13.6749997820173
2026-02-25,241.5,242.8000030517578,230.5500030517578,234.75,206784,241.6222212049696,252.07954476096413,285.3849984741211,,243.13848301340687,253.18170669209104,35.641110270655574,-12.852725537113912,-13.816403376418728,0.9636778393048164,276.7350146736606,227.25498471598783,32.529065105297015,0,250.0249938964844,255.875,13.8499995640346
2026-02-26,234.0,238.1499938964844,232.1000061035156,235.0,94980,241.10555521647132,251.4454539905895,283.0129983520508,,241.5107864107255,251.5288242655373,35.828073443866714,-12.734594828230628,-13.60004166678111,0.8654468385504828,276.45744236261885,225.16755763738115,31.57939394253353,0,250.0249938964844,255.875,13.70357077462333
2026-02-27,237.0,237.0500030517578,228.1999969482422,229.25,96576,240.6499989827474,250.18863608620384,280.7289981079102,,239.0586291285804,249.5034766050339,33.42311813429035,-12.955608149439088,-13.471154963312706,0.5155468138736197,274.15325525001464,223.25674536033696,30.96869624181513,0,249.24999237060547,255.0999984741211,12.517856052943642
2026-03-02,228.4900054931641,228.4900054931641,222.22999572753903,226.2700042724609,109793,238.48555501302084,248.7168183760209,278.4233984375,,236.5009041573565,247.39134275661817,32.2161664229871,-13.218844933215934,-13.420692957293353,0.2018480240774192,274.5781214520074,220.12387897523868,30.796960167032037,0,246.2649917602539,252.11499786376956,12.233570643833712
2026-03-04,220.0,223.8800048828125,218.0,219.3099975585937,133486,234.62555440266928,246.3490912697532,275.8375982666016,,233.062722837604,244.83849319316136,29.5336705790084,-13.829656681916958,-13.502485702218076,-0.3271709796988826,275.2029144920766,215.8900863013804,30.902898971853823,0,238.0,250.0,11.61714281354632
2026-03-05,220.0500030517578,227.0,213.0,217.13999938964844,147641,231.42444356282556,244.7031818736683,273.19539825439455,,229.8781781480129,242.3204483019329,28.73043706126971,-14.32371523717498,-13.666731609209457,-0.6569836279655235,274.9704411330469,211.94155837867183,31.301661384104925,0,231.7750015258789,247.5,11.81357138497489
2026-03-06,217.0,223.9499969482422,214.1000061035156,215.4499969482422,163114,228.47999911838107,242.8872729214755,270.57239807128906,,226.99254190805877,239.877679997052,28.08969379725653,-14.682379938333495,-13.869861275034266,-0.8125186632992314,274.9511333870177,208.0808658195253,31.67194076690952,0,229.3000030517578,247.5,11.645713806152347
2026-03-09,213.8999938964844,214.3000030517578,203.9100036621093,206.9900054931641,104548,224.71222262912323,240.52545443448156,267.81919830322266,,222.9920346250798,236.88789140578945,25.07495769830851,-15.470935590206553,-14.190076138068724,-1.2808594521378271,275.2940451979508,202.9619545579086,32.5964497116735,0,223.90499877929688,242.95500183105463,11.594999040876123
2026-03-10,209.9900054931641,224.1000061035156,208.1000061035156,223.1499938964844,280506,223.0344441731771,239.11181779341263,265.3321981811524,,223.0236264793608,235.63899163221623,38.625228847957686,-14.62332700505354,-14.276726311465689,-0.3466006935878507,268.7210295606928,204.2149689744635,32.24585576702581,0,223.3550033569336,242.95500183105463,11.531427655901233
2026-03-11,225.0,234.5200042724609,222.0,228.52999877929688,256468,222.34333292643228,237.919999556108,263.1197982788086,,224.124900939348,234.99271955467813,42.36248241549983,-13.36342442483692,-14.094065934139936,0.7306415093030161,261.34496004790367,207.05403897553387,30.84237538897365,0,221.02999877929688,242.95500183105463,10.6721431187221
2026-03-12,228.5,241.0,213.8800048828125,217.0500030517578,587327,220.34888882107205,235.2245448719372,260.5927984619141,,222.70992136183,233.3615635089581,37.16240056578181,-13.139814661623744,-13.9032156796367,0.7634010180129547,257.72036074127385,206.52363797698783,30.102479950486405,0,222.45500183105463,242.95500183105463,11.512856619698663
2026-03-13,215.8999938964844,215.8999938964844,195.3500061035156,195.3500061035156,2081059,216.58222283257376,231.65409088134768,257.69679870605466,,217.23793831016712,229.9059673811906,29.732776025583632,-14.5459342371812,-14.0317593911456,-0.5141748460355995,258.4527678670801,200.35623176670896,30.446336419014408,0,218.1750030517578,238.6750030517578,12.309284755161835
2026-03-16,194.77999877929688,194.77999877929688,175.82000732421875,180.5,1749261,211.49666680230035,228.10409060391515,254.57779846191409,,209.8903506481337,225.4145158010824,25.91457461362665,-16.666445112474662,-14.558696535411414,-2.107748577063248,262.3410042509122,190.5529959932284,31.559761520833444,0,208.41000366210935,228.91000366210935,13.175712585449224
2026-03-17,180.0,198.5500030517578,175.0,195.4900054931641,2499953,208.8500010172526,225.64000008322972,251.65559844970704,,207.0102816171398,222.6941057730898,34.98993386225885,-16.942099119446794,-15.035377052218491,-1.9067220672283032,262.829505028838,186.27849515426752,32.235935210320406,0,208.0,228.5,14.23999895368304
2026-03-18,197.0,214.5,196.6499938964844,209.08999633789065,1244857,207.955556233724,224.25090928511187,249.2493984985352,,207.42622456129,221.45736855170804,41.93915177416725,-15.88009544932487,-15.204320731639768,-0.6757747176851012,260.2260452617235,185.21595455517095,31.5025510733855,0,208.0,228.5,14.72285570417132
2026-03-19,203.0,217.19000244140625,198.0,203.1999969482422,772937,206.59444512261288,222.88045432350853,246.8813983154297,,206.58097903868045,219.79760749684752,39.94753128630544,-15.336929044280197,-15.230842394167857,-0.106086650112342,255.57627530086395,184.78072390567905,30.61284538217947,0,208.0,224.4499969482422,15.661428179059708
2026-03-20,204.9199981689453,206.17999267578125,194.2100067138672,197.9900054931641,438898,205.59444512261288,220.70954548228872,244.41919830322263,,204.86278432957715,217.81509822378536,38.2186364557512,-15.152203355327998,-15.215114586399883,0.0629112310718866,252.31473368520895,183.24626637582617,29.98949884864676,0,208.0,222.6499938964844,15.884283883231024
2026-03-23,195.0,195.72000122070312,181.0,185.38999938964844,311874,201.39889017740884,217.5886362249201,241.85399841308595,,200.96822734159144,214.86736196613657,34.347069720608815,-15.839929261354428,-15.340077521390793,-0.4998517399636348,250.40429524149752,179.50070506367828,30.059785219905688,0,208.0,222.6499938964844,16.59642682756696
2026-03-24,192.0,203.9199981689453,185.009994506836,200.69000244140625,961741,198.30555725097656,215.53136374733663,239.9797985839844,,200.91258236155443,213.578511100252,42.026773647745074,-14.977720776062796,-15.267606172325197,0.2898853962623988,246.7191204287079,179.16488073096005,29.449993430536587,0,208.0,222.6499938964844,17.35642678397042
2026-03-25,205.0,216.88999938964844,205.0,213.0800018310547,577723,197.86444600423175,214.21909124200997,238.6053988647461,,203.3460662554545,213.53319207577948,47.39332922798438,-13.143139011192147,-14.842712740098587,1.69957372890644,243.29660068557175,180.07040065720167,27.9336350568529,0,196.09500122070312,222.6499938964844,17.513569423130576
2026-03-27,213.3800048828125,222.4900054931641,205.5399932861328,208.8800048828125,960926,199.36777920193143,212.76363719593397,237.16199920654296,,204.4528539809261,213.11017505823705,45.84410585371636,-11.891051755256456,-14.252380543130162,2.361328787873706,240.08822629011505,180.6917755409397,26.151212548732914,0,198.74500274658203,222.6499938964844,18.02071380615234
2026-03-30,207.2400054931641,212.009994506836,194.1499938964844,197.52999877929688,483809,201.26000128852,210.91272804953837,235.61659942626957,,203.06828294060028,211.6937953965152,41.86170024844649,-11.67997474242199,-13.737899382988529,2.0579246405665383,236.34664110351437,180.68636060547004,25.160752537113652,0,198.74500274658203,216.5,18.47214290073939
2026-04-01,205.5,211.67999267578125,200.4199981689453,203.759994506836,449769,202.1788889567057,209.50409143621272,234.19579956054687,,203.20662525384745,210.97254077018076,44.70127582810432,-10.884516172991027,-13.167222740989027,2.2827065679980016,233.35597627605165,181.12802488361632,24.24103966918149,0,201.74500274658203,212.7750015258789,18.26071384974888
2026-04-02,202.0,202.5200042724609,195.5599975585937,197.8800048828125,520326,200.93333435058597,207.816818930886,232.78539978027345,,202.1413011796405,209.78231023496545,42.587092744221934,-10.606312578082708,-12.655040708407766,2.048728130325058,230.63546893989863,181.00953228080448,23.670908766525407,0,201.74500274658203,210.3000030517578,17.952141898018983
2026-04-06,199.8000030517578,213.8999938964844,198.3000030517578,206.82000732421875,1358166,201.33555772569449,206.7972738092596,231.72080017089843,,203.07704240855617,209.5130099703521,46.71361943225553,-9.5543145516682,-12.034895477059854,2.480580925391654,229.19702998336004,181.1989722139056,22.289964067823977,0,201.74500274658203,209.4499969482422,17.159284319196438
2026-04-07,208.6000061035156,224.6699981689453,204.19000244140625,222.3699951171875,852319,204.04444546169705,206.6200006658381,230.9422003173828,,206.93563295028244,210.68182680188255,53.03647041929455,-7.380763629520658,-11.104069107552016,3.7233054780313584,230.11150839511788,180.80749337490164,21.09317923330077,0,202.83499908447263,208.9000015258789,17.0721413748605
2026-04-08,230.0,232.6499938964844,216.0599975585937,223.6199951171875,1742426,208.29222276475696,206.81590964577416,230.32360015869145,,210.27250538366343,211.85802392145573,53.513981788797565,-5.4940127517182304,-9.98205783638526,4.488045084667029,231.46953486955655,180.2664667173575,20.455570747665945,0,208.8299942016602,208.0,16.862141200474348
2026-04-09,227.8000030517578,230.8000030517578,220.0,226.97999572753903,663906,211.2133331298828,207.26318220658732,229.64619995117187,,213.61400345243857,213.23274863109967,54.84309264365897,-3.685145060856712,-8.72267528127955,5.037530220422838,234.1585651570474,179.57643545330416,19.86350572529075,0,213.3999938964844,208.0,15.95142691476006
2026-04-10,230.8999938964844,241.3500061035156,226.1199951171875,238.1000061035156,1408425,213.9933336046007,208.2927280772816,229.41220001220705,,218.511203982654,215.4934084013193,59.0191838904136,-1.3388787196667238,-7.245915968956985,5.907037249290261,237.4813178917884,177.74868393926627,19.923415300338835,0,217.75,208.1750030517578,15.681428091866646
2026-04-13,233.3000030517578,243.7700042724609,228.32000732421875,238.2700042724609,433204,217.25888909233944,209.71454620361328,229.19860015869145,,222.4629640406154,217.5640080259685,59.08148408408097,0.5281831248813944,-5.691096150189309,6.219279275070703,239.6732537236389,176.53074865673216,20.111831258207303,0,218.95999908447263,209.38500213623047,15.414284842354926
2026-04-15,245.0,253.6999969482422,241.9900054931641,247.25,588824,222.78333367241757,210.81000102650037,229.0056002807617,,227.4203712324923,220.26273456906227,62.33852137148229,2.7013146209563104,-4.0126139959601845,6.713928616916495,245.5693764430692,173.65462563212614,20.806016353843383,0,224.62999725341797,214.3499984741211,15.661428179059726
2026-04-16,252.3000030517578,255.009994506836,246.5,253.2400054931641,484409,228.28111267089844,211.933183149858,228.8974005126953,,232.58429808462668,223.2606682894352,64.3755041518595,4.85096150627075,-2.239898895513998,7.090860401784747,252.70041699221676,172.31258502194345,21.5165798528884,0,225.28499603271484,215.004997253418,15.05571310860772
2026-04-17,256.0,263.3500061035156,252.97000122070312,260.42999267578125,500587,235.23111131456164,213.90500086004084,228.67800048828124,,238.1534370028576,226.63969777910296,66.70345968310914,7.053436402423642,-0.3812318359264697,7.434668238350112,259.1192106802982,173.8867906014401,22.58575228460047,0,230.82500457763672,219.1750030517578,14.446427481515087
2026-04-20,260.8999938964844,262.8999938964844,252.5,254.5,314428,240.52888827853727,216.5936369462447,228.70100036621093,,241.4227496022861,229.1724525264572,63.04429090526039,8.225593256869473,1.340133182632719,6.885460074236754,264.06831611101416,174.8386846214077,23.529831615439026,0,233.7700042724609,219.1750030517578,14.032141549246674
2026-04-21,257.20001220703125,259.0,251.7100067138672,253.6699981689453,186090,244.0066663953993,219.919545953924,228.66640045166017,,243.872199315618,231.39950213031972,62.5272640700788,8.983999839990815,2.8689065141043386,6.115093325886477,268.51655498560467,174.84844592992263,24.31950828934506,0,239.70500183105463,219.1750030517578,13.342140197753926
2026-04-22,252.4900054931641,258.0,250.1999969482422,255.67999267578125,417318,247.56888834635416,222.6554544622248,228.6010000610352,390.8152485656738,246.23375798765065,233.6068194526344,63.31194396386572,9.636152709477445,4.22235575317896,5.413796956298484,272.6371708924793,175.975829595802,24.87857900625346,0,241.6750030517578,219.1750030517578,12.623568943568657
2026-04-23,258.0,279.0,257.989990234375,275.0,970524,252.9044443766276,225.6513637195934,229.0160000610352,389.51724868774414,251.9870063901205,237.36983586603125,69.84768558325696,11.578482149218274,5.693581032386822,5.884901116831452,279.815904035294,176.49809590367084,26.43230363200928,0,252.55999755859372,227.0,13.27856990269254
2026-04-24,277.70001220703125,279.0299987792969,261.95001220703125,267.5299987792969,572954,256.1744435628255,228.5754547119141,229.2716000366211,388.2268988037109,255.09560486795584,240.11166885814632,65.02438325075765,12.372404180990856,7.0293456621076285,5.343058518883227,282.65179916348285,181.87620071444684,27.87629937493918,0,253.6750030517578,227.01499938964844,13.912854875837064
2026-04-27,276.989990234375,294.2799987792969,268.0,283.0,1450560,261.14444308810766,232.4395453713157,229.4045999145508,386.7603988647461,260.6764838943647,244.01060805286028,69.69208300385182,14.087500979262018,8.440976725538507,5.646524253723511,289.2913362702011,183.467663363588,29.797705030664105,0,268.13500213623047,234.63999938964844,14.679284232003356
2026-04-28,284.0,285.7699890136719,272.6499938964844,274.94000244140625,366284,264.2211100260417,236.5100000554865,229.4254000854492,385.32359893798827,263.52918760377304,246.8223711790917,64.83707249556,14.627733697116412,9.678328119854088,4.949405577262324,293.8611777473287,185.0838219474955,31.58186742526582,0,270.38999938964844,237.63999938964844,14.15356990269253
2026-04-29,278.0,278.0,264.17999267578125,267.260009765625,419563,265.7788882785373,239.53590947931465,229.5986001586914,383.8256491088867,264.27535203614343,248.680338323322,60.51139187714072,14.271646140705116,10.596991724024294,3.6746544166808217,296.129545143196,188.65345503990943,32.250661462032845,0,272.2399978637696,237.63999938964844,13.955713544573104
2026-04-30,264.95001220703125,270.7900085449219,261.20001220703125,268.25,269483,266.6477779812283,242.04363666881216,229.96960021972657,382.1433990478516,265.0702816289148,250.45939847574724,60.87376328176604,13.908993901350556,11.259392159489549,2.6496017418610087,296.44687600250995,195.40812430266584,32.54197984501314,0,272.2399978637696,237.63999938964844,13.869284493582592
2026-05-04,270.20001220703125,277.0,267.1000061035156,269.6000061035156,316467,268.3255564371745,244.80363672429863,230.5686004638672,380.51964920043946,265.9762265238349,252.19945371463527,61.394030026176,13.574050395568662,11.72232380670537,1.851726588863292,296.65594796009185,201.78305350475185,33.12386066140191,0,272.2399978637696,237.63999938964844,13.488568987165182
2026-05-05,270.04998779296875,272.70001220703125,263.1000061035156,266.95001220703125,189300,269.80111355251734,247.95909188010475,231.2406005859375,378.78789932250976,266.17098366047423,253.54041357758035,59.715463263763,12.945544712452232,11.966967987854742,0.97857672459749,294.0407291865559,211.30527301070973,33.2085633737305,0,272.2399978637696,239.64499664306643,13.070712498256144
2026-05-06,269.0,280.0,265.25,277.25,288457,272.1977810329861,251.2995466752486,231.8706005859375,377.15264938354494,268.3867869283794,255.69583052507303,63.85231097998158,13.127249602755056,12.199024310834805,0.9282252919202528,292.8497510851441,219.5392503796997,33.67111530217194,0,276.13499450683594,244.21499633789065,13.022141592843196
2026-05-07,281.70001220703125,296.95001220703125,274.54998779296875,291.54998779296875,966745,274.0366685655382,255.5572731711648,232.6206002807617,375.7608992004394,273.0194271012973,258.95529936760903,68.66362359152264,14.26075246493562,12.611369941654967,1.6493825232806518,295.9236991332167,223.3833015992052,34.832341590624026,0,279.07501220703125,245.5500030517578,14.014286586216516
2026-05-08,291.0,294.79998779296875,282.0,284.54998779296875,1136523,275.92777845594617,259.0904541015625,233.39260009765624,374.3868992614746,275.3255392396316,261.2820892244599,64.16162408054966,14.427904251943914,12.97467680371276,1.4532274482311551,296.3688303413264,229.0311696586736,35.91062314418668,0,279.07501220703125,245.5500030517578,14.187142508370536
2026-05-11,284.54998779296875,311.79998779296875,279.54998779296875,296.79998779296875,1146101,277.4611104329427,262.4736355868253,234.4895999145508,373.0181492614746,279.6204289502991,264.5109890943244,68.10302775626363,15.371651045161911,13.45407165200259,1.917579393159322,298.72503699015243,233.65696221639055,37.501890320301726,0,286.5,253.6799926757812,15.747857230050224
2026-05-12,295.5,300.6000061035156,286.0,287.70001220703125,664634,278.8788892957899,265.3863636363636,235.42560028076173,371.6248994445801,281.23634560164555,266.61908210457045,62.59575832840789,15.209954314529568,13.805248184507986,1.404706130021582,299.7167309427035,237.62526887419097,38.97949555526569,0,286.5,253.6799926757812,16.270001002720424
2026-05-13,285.0,297.70001220703125,285.0,286.1499938964844,418452,280.977776421441,268.07590900767934,236.3836001586914,370.3016494750976,282.2190752606133,268.39461954019896,61.68080026731066,14.786287844793604,14.001456116565112,0.7848317282284931,299.51587209201165,242.61412668728525,40.22581033173318,0,286.5,255.04999542236328,16.620001656668528
2026-05-14,289.0,293.29998779296875,276.04998779296875,280.70001220703125,266915,282.3611111111111,270.01227292147547,237.30260040283204,368.779899597168,281.91526264989693,269.5132916008201,58.44595409591242,13.851094346613364,13.971383762574764,-0.1202894159613983,299.1537304911943,246.3212695088057,40.30068555411093,0,287.4499969482422,257.9949951171875,16.186429704938615
2026-05-15,283.6499938964844,289.79998779296875,274.0,275.3999938964844,317293,283.00555419921875,271.6999997225675,238.11060028076173,367.2953996276855,280.6122088992144,270.04844635497136,55.40294338019126,12.53775217544154,13.68465744514812,-1.146905269706581,298.6267112586856,249.0642875816464,40.134707924058745,0,287.4499969482422,263.92999267578125,16.095001220703125
2026-05-18,272.0,275.5,265.0,273.95001220703125,300180,283.7833319769965,272.9136366410689,239.00460052490237,365.817149810791,279.2797695607778,270.40313415970405,54.5659147738299,11.25023196724004,13.197772349566504,-1.947540382326464,298.4859949281203,250.55700586533675,39.00117967595328,0,288.3999938964844,265.8999938964844,14.93428693498884
2026-05-19,278.95001220703125,286.5,274.45001220703125,279.54998779296875,262385,284.03888617621527,274.10954492742366,240.0702001953125,364.4226496887207,279.33381320721605,271.2346663081827,57.2520685188932,10.560004990835182,12.670218877820242,-2.1102138869850595,297.8788259044604,253.6691736682936,38.57436466481742,0,288.3999938964844,268.9599914550781,14.893572126116071
2026-05-20,278.8500061035156,284.5,274.45001220703125,282.20001220703125,200002,283.0,275.0990912697532,241.32800048828125,363.0186497497559,279.9070530071791,272.2315159353507,58.50238691171351,10.110284891459289,12.158232080548052,-2.047947189088765,296.8445407909019,257.5564601856606,38.17803644019127,0,288.3999938964844,270.0599975585937,14.624285016741071
2026-05-21,281.54998779296875,293.3999938964844,281.3500061035156,287.70001220703125,334281,283.3500027126736,276.6081827337092,242.7392007446289,361.6341499328613,281.4656448471496,273.63774286913986,61.048772466942346,10.08146960116244,11.74287958467093,-1.6614099835084917,296.14516661799746,261.45783631169,38.27842700304841,0,288.3999938964844,276.8949966430664,14.799998692103795
2026-05-22,289.8500061035156,293.0,280.04998779296875,282.54998779296875,229405,281.76666937934027,277.9209095348011,244.08120056152345,360.212149810791,281.6825134363134,274.4479469531243,57.49135470660301,9.53317681817083,11.30093903137091,-1.767762213200081,296.5029273880691,261.85507432091526,38.220409689412335,0,282.8000030517578,279.1499938964844,15.017857142857142
2026-05-25,282.5,282.5,257.5,265.3500061035156,981725,279.28333536783856,278.3604555996981,245.2484005737305,358.7171499633789,278.41601196975387,273.62086142134166,47.52979666833056,7.622884197372969,10.565328064571323,-2.942443867198355,296.7267683631957,261.4132340782106,35.99856159595926,0,277.6000061035156,280.99999237060547,16.121427263532365
2026-05-26,274.1499938964844,274.79998779296875,261.0,263.3999938964844,359549,276.7555575900608,277.8331825949929,246.05340057373047,357.14589981079104,275.4128083551,272.6916916463546,46.5451216366409,5.8837891851057975,9.62902028867822,-3.745231103572422,296.9622194296504,259.2177824014043,33.935416937752834,0,275.4499969482422,280.99999237060547,16.05356924874442
2026-05-27,263.75,265.8500061035156,258.0,260.54998779296875,258095,274.5166659884983,277.5159093683416,246.6938003540039,355.637149810791,272.4402442426737,271.5879003869559,45.075319329299454,4.226847714985183,8.548585773939614,-4.321738058954431,297.78277174594257,256.9582286202684,31.76758057792907,0,275.4499969482422,280.99999237060547,15.0142822265625
2026-05-28,260.54998779296875,260.54998779296875,260.54998779296875,260.54998779296875,0,272.86666531032984,276.495454268022,247.5638000488281,354.158399810791,270.06219295273274,270.58445378750247,45.075319329299454,2.880504993779766,7.414969617907644,-4.534464624127878,298.34768542273446,255.7223127462108,29.754589672378437,0,275.4499969482422,280.99999237060547,14.099997384207589
2026-05-29,261.04998779296875,265.0,260.0,260.75,253912,271.3999972873264,275.850454157049,248.8717999267578,352.57614974975587,268.19975436218624,269.6904125340931,45.21612417087417,1.8088071974557351,6.293737133817263,-4.484929936361528,298.86861681104784,254.45138135789745,28.254755349907036,0,275.4499969482422,284.6499938964844,12.153568812779016
2026-06-01,257.95001220703125,263.70001220703125,243.1999969482422,245.8500061035156,501749,267.65555487738715,274.8772721724077,250.17880004882807,351.08989990234375,263.72980471045213,267.52310285858607,37.50299990623696,-0.2400587623177443,4.9869779545902615,-5.227036716908006,301.4847102771936,249.46028789175173,27.00179167743937,0,268.2999954223633,277.49999237060547,12.574998038155693
2026-06-02,241.0500030517578,256.29998779296875,241.0500030517578,247.9499969482422,978785,263.8499976264106,273.9545447609641,251.22799987792968,349.683399887085,260.57384315801016,265.7437295940093,39.0802873137159,-1.6750392758109456,3.65457450851002,-5.329613784320966,303.1059760119046,245.93902063116172,25.99189281289437,0,267.2249984741211,276.4249954223633,12.75713893345424
2026-06-03,250.8500061035156,255.0,241.6499938964844,251.5500030517578,257763,259.83332994249133,273.1340900767933,252.07720001220704,348.3348999023437,258.7690751367597,264.453390817441,41.7923650736274,-2.493043017146931,2.4250510033786297,-4.918094020525561,303.5623847854196,242.9126121628225,25.05412958153116,0,267.0250015258789,276.4249954223633,12.478567940848212
2026-06-04,252.0,276.70001220703125,250.5,276.70001220703125,1120481,259.1833326551649,273.5772718949751,253.5472003173828,347.18739990234377,262.355262550814,265.5667200346765,56.39673676346482,-1.09924985603908,1.720190831495088,-2.819440687534168,301.6360707804032,243.3539286092453,24.118370895243995,0,261.7750015258789,276.4249954223633,13.221426827566962
2026-06-05,280.0,283.20001220703125,267.75,269.6000061035156,436521,259.65555487738715,273.2295448996804,254.97940032958985,345.944649810791,263.80421126135434,265.933382404571,52.39970992233413,-0.5611018565223276,1.2639322938916049,-1.8250341504139325,300.3485413212351,243.146459899468,23.665988469684013,0,262.12500762939453,276.4249954223633,13.574999128069194
2026-06-08,265.25,268.0,261.0,261.6499938964844,93647,259.4611104329427,271.870454268022,256.50460021972657,344.6938998413086,263.37336778838034,265.54398344929035,48.27407489295584,-0.7672706157920857,0.8576917119548669,-1.6249623277469527,296.34046956429853,243.6395322667561,22.665724981500084,0,262.12500762939453,276.4249954223633,13.292857578822543
