Ticker,Market_Cap,Sector,Industry,ROE,ROCE,PE,PB,Debt_to_Equity,OPM,Dividend_Yield,YoY_Qtr_Sales_Growth,YoY_Qtr_Profit_Growth,Profit_Growth_3Y,Avg_ROE_3Y,Pledged_Pct,Promoter_Holding,DII_Holding,FII_Holding,Public_Holding,MCap_3Y_Ago,Data_Quality
360ONE,43254.24,Financial Services,Asset Management,14.39,5.11,36.52,4.39,1.62,38.87,1.71,38.25,4.44,22.73,16.68,0.0,0.0,0.0,0.0,0.0,16349.96,100
3MINDIA,35107.59,Industrials,Conglomerates,28.9,46.81,67.13,19.95,9.6,17.22,51.0,28.38,89.28,5.01,27.5,0.0,0.0,0.0,0.0,0.0,28756.57,100
ABB,142381.23,Industrials,Specialty Industrial Machinery,0.0,23.73,91.48,18.17,1.08,11.57,58.0,-4.94,237.55,17.97,22.88,0.0,0.0,0.0,0.0,0.0,86379.96,91
ACC,24481.82,Basic Materials,Building Materials,10.93,8.36,11.49,1.19,2.08,4.87,57.0,35.66,-78.18,48.74,12.55,0.0,0.0,0.0,0.0,0.0,34114.73,100
ACMESOLAR,23597.72,Utilities,Utilities - Renewable,10.41,5.19,41.04,4.0,3.93,65.0,6.0,56.95,24.33,0.0,14.13,0.0,0.0,0.0,0.0,0.0,0.0,82
AIAENG,40300.4,Industrials,Specialty Industrial Machinery,16.95,14.0,31.69,5.02,0.13,26.68,36.0,9.61,37.88,6.35,16.04,0.0,0.0,0.0,0.0,0.0,30100.5,100
APLAPOLLO,48981.72,Basic Materials,Steel,25.31,26.34,40.68,9.25,9.4,7.44,33.0,15.36,63.32,23.3,20.34,0.0,0.0,0.0,0.0,0.0,34778.77,100
AUBANK,72089.4,Financial Services,Banks - Regional,0.0,0.0,27.51,3.6,0.0,0.0,10.0,25.45,57.42,22.75,12.57,0.0,0.0,0.0,0.0,0.0,56748.99,64
AWL,23989.22,Consumer Defensive,Packaged Foods,10.52,13.64,23.03,2.3,0.11,1.84,53.0,27.47,-28.86,21.42,8.25,0.0,0.0,0.0,0.0,0.0,54629.75,100
AADHARHFC,19772.92,Financial Services,Mortgage Finance,15.75,4.62,18.3,2.61,2.49,35.85,0.0,17.22,26.99,26.24,15.23,0.0,0.0,0.0,0.0,0.0,14378.52,100
AARTIIND,15515.9,Basic Materials,Specialty Chemicals,7.25,8.2,37.08,2.6,0.83,9.8,23.0,19.64,197.83,-8.4,6.94,0.0,0.0,0.0,0.0,0.0,18177.36,100
AAVAS,10531.0,Financial Services,Mortgage Finance,13.92,2.75,16.17,2.08,3.11,23.86,0.0,10.73,18.21,15.08,13.05,0.0,0.0,0.0,0.0,0.0,10600.38,100
ABBOTINDIA,55386.31,Healthcare,Drug Manufacturers - Specialty & Generic,34.46,36.14,35.7,11.6,3.6,27.01,1.98,6.54,7.6,17.8,32.8,0.0,0.0,0.0,0.0,0.0,44744.98,100
ACE,10616.0,Industrials,Farm & Heavy Construction Machinery,22.89,23.58,25.59,5.28,0.39,15.29,23.0,17.64,-0.69,34.24,24.2,0.0,0.0,0.0,0.0,0.0,5828.41,100
ACUTAAS,25610.11,Basic Materials,Specialty Chemicals,23.52,15.25,89.48,15.49,2.08,35.82,5.0,59.36,187.38,30.18,10.77,0.0,0.0,0.0,0.0,0.0,5203.03,100
ADANIENSOL,176192.12,Utilities,Utilities - Independent Power Producers,9.66,9.25,78.94,6.93,1.95,22.0,0.0,27.67,21.72,22.02,7.17,0.0,0.0,0.0,0.0,0.0,99754.51,100
ADANIENT,399083.75,Energy,Thermal Coal,13.66,4.16,39.54,4.65,1.2,5.02,4.0,41.98,-481.65,55.92,10.13,0.0,0.0,0.0,0.0,0.0,340444.45,100
ADANIGREEN,239581.79,Utilities,Utilities - Renewable,7.58,6.04,150.88,12.42,3.47,57.02,0.0,49.66,-19.31,19.26,6.08,0.0,0.0,0.0,0.0,0.0,158310.11,100
ADANIPORTS,411740.51,Industrials,Marine Shipping,15.59,10.29,30.66,4.29,0.64,41.03,41.0,34.83,32.09,34.11,14.96,0.0,0.0,0.0,0.0,0.0,168290.72,100
ADANIPOWER,415604.46,Utilities,Utilities - Independent Power Producers,20.91,12.91,32.55,6.4,0.82,25.21,0.0,4.04,31.4,6.16,30.01,0.0,0.0,0.0,0.0,0.0,104735.18,100
ATGL,78762.9,Utilities,Utilities - Regulated Gas,14.46,13.05,119.96,16.2,0.59,15.25,3.0,20.3,18.23,6.26,15.89,0.0,0.0,0.0,0.0,0.0,73634.02,100
ABCAPITAL,88251.58,Financial Services,Financial Conglomerates,11.18,5.04,23.6,2.56,4.92,35.63,0.0,45.43,59.49,-7.75,10.73,0.0,0.0,0.0,0.0,0.0,46498.57,100
ABFRL,7086.51,Consumer Cyclical,Apparel Manufacturing,-12.69,-5.01,-11.92,1.21,0.99,-7.63,0.0,-9.56,0.0,0.0,-10.41,0.0,0.0,0.0,0.0,0.0,24372.05,82
ABLBL,11585.22,Consumer Cyclical,Apparel Retail,12.72,56.7,67.65,8.18,2.14,30.21,51.0,1.67,-9.6,0.0,12.11,0.0,0.0,0.0,0.0,0.0,0.0,82
ABREL,13057.03,Real Estate,Real Estate Services,-8.91,-5.37,22.18,3.53,1.52,-217.82,17.0,-59.18,0.0,0.0,-1.9,0.0,0.0,0.0,0.0,0.0,8833.14,82
ABSLAMC,30901.24,Financial Services,Asset Management,25.1,24.4,31.77,7.63,1.58,55.31,2.16,2.95,-16.64,17.81,24.57,0.0,0.0,0.0,0.0,0.0,10202.17,100
CPPLUS,39403.31,Industrials,Building Products & Equipment,25.42,25.34,104.62,20.97,9.6,16.46,0.0,71.43,320.83,50.33,27.09,0.0,0.0,0.0,0.0,0.0,0.0,91
AEGISLOG,32499.09,Energy,Oil & Gas Refining & Marketing,15.26,11.36,36.24,5.47,0.47,22.03,1.0,52.16,45.69,24.72,11.53,0.0,0.0,0.0,0.0,0.0,11855.3,100
AEGISVOPAK,22064.54,Energy,Oil & Gas Equipment & Services,10.79,7.41,69.87,5.14,0.84,50.85,0.0,22.23,17.55,0.0,12.07,0.0,0.0,0.0,0.0,0.0,0.0,82
AFCONS,11649.58,Industrials,Engineering & Construction,4.68,8.37,46.38,2.13,0.67,-2.17,76.0,-18.91,-179.69,-15.09,8.79,0.0,0.0,0.0,0.0,0.0,0.0,91
AFFLE,20198.81,Communication Services,Advertising Agencies,13.79,13.17,44.45,5.52,0.41,17.64,0.0,20.39,19.25,22.97,12.44,0.0,0.0,0.0,0.0,0.0,14296.83,100
AJANTPHARM,39272.26,Healthcare,Drug Manufacturers - Specialty & Generic,25.39,59.18,37.17,8.67,5.75,51.4,1.82,24.04,14.52,21.55,23.5,0.0,0.0,0.0,0.0,0.0,17158.82,100
ALKEM,63387.38,Healthcare,Drug Manufacturers - Specialty & Generic,17.56,16.3,27.56,4.59,0.14,11.42,1.0,14.62,-22.69,32.74,16.74,0.0,0.0,0.0,0.0,0.0,38942.46,100
ABDL,17018.96,Consumer Defensive,Beverages - Wineries & Distilleries,13.55,23.45,74.38,10.27,0.68,13.95,94.0,3.38,-28.7,422.56,8.82,0.0,0.0,0.0,0.0,0.0,0.0,91
ARE&M,14574.31,Industrials,Electrical Equipment & Parts,11.57,10.24,16.25,1.8,5.01,6.44,1.28,8.05,5.35,7.02,12.53,0.0,0.0,0.0,0.0,0.0,11031.04,100
AMBER,25710.2,Consumer Cyclical,"Furnishings, Fixtures & Appliances",5.58,7.81,144.84,5.87,0.47,6.24,0.0,94.42,273.23,4.16,6.63,0.0,0.0,0.0,0.0,0.0,7409.93,100
AMBUJACEM,100895.99,Basic Materials,Building Materials,8.3,4.04,21.3,1.69,1.21,3.77,49.0,28.17,-15.2,34.61,6.78,0.0,0.0,0.0,0.0,0.0,111976.1,100
ANANDRATHI,28955.94,Financial Services,Asset Management,46.74,40.57,73.8,29.01,8.25,26.15,40.0,21.42,33.84,32.97,38.91,0.0,0.0,0.0,0.0,0.0,3582.05,100
ANANTRAJ,18470.68,Real Estate,Real Estate - Development,11.13,9.35,32.5,3.11,0.12,23.28,14.0,19.64,23.57,54.27,8.97,0.0,0.0,0.0,0.0,0.0,6015.41,100
ANGELONE,29569.69,Financial Services,Capital Markets,15.53,14.23,32.83,4.82,1.29,38.76,2.12,15.97,13.77,0.93,24.24,0.0,0.0,0.0,0.0,0.0,12945.28,100
ANTHEM,43816.49,Healthcare,Biotechnology,21.71,22.55,74.86,14.39,1.77,37.26,26.0,22.73,52.62,15.39,19.09,0.0,0.0,0.0,0.0,0.0,0.0,91
ANURAS,14322.12,Basic Materials,Specialty Chemicals,5.76,8.65,81.74,4.29,0.4,18.15,12.0,74.32,194.13,-15.03,4.88,0.0,0.0,0.0,0.0,0.0,12264.98,100
APARINDS,58457.53,Industrials,Electrical Equipment & Parts,19.74,29.67,60.06,10.84,0.18,7.4,36.0,18.12,8.04,47.35,22.68,0.0,0.0,0.0,0.0,0.0,11947.83,100
APOLLOHOSP,122116.31,Healthcare,Medical Care Facilities,21.5,18.41,62.93,12.88,0.85,11.91,24.0,19.52,42.17,33.34,16.15,0.0,0.0,0.0,0.0,0.0,70225.19,100
APOLLOTYRE,24057.07,Consumer Cyclical,Auto Parts,8.72,12.29,17.57,1.44,0.22,9.16,2.2,14.2,241.77,9.48,9.4,0.0,0.0,0.0,0.0,0.0,24732.81,100
APTUS,12941.7,Financial Services,Mortgage Finance,20.11,0.0,13.72,2.55,1.56,0.0,1.98,34.45,36.98,23.3,17.43,0.0,0.0,0.0,0.0,0.0,13171.32,82
ASAHIINDIA,21937.76,Consumer Cyclical,Auto Parts,10.49,10.31,62.36,5.58,0.56,15.99,23.0,17.79,25.69,-1.88,12.29,0.0,0.0,0.0,0.0,0.0,11868.31,100
ASHOKLEY,81399.87,Industrials,Farm & Heavy Construction Machinery,21.64,15.96,23.41,5.26,3.45,18.68,2.47,17.09,14.21,40.98,19.78,0.0,0.0,0.0,0.0,0.0,40837.76,100
ASIANPAINT,257961.57,Basic Materials,Specialty Chemicals,20.89,21.53,59.7,12.07,0.18,16.0,1.01,10.79,69.35,1.75,22.01,0.0,0.0,0.0,0.0,0.0,299051.15,100
ASTERDM,42065.94,Healthcare,Medical Care Facilities,10.07,9.18,126.75,9.16,0.46,12.11,49.0,9.14,-45.84,117.04,52.86,0.0,0.0,0.0,0.0,0.0,10892.64,100
ASTRAL,40034.25,Industrials,Building Products & Equipment,13.8,17.86,74.62,9.86,6.17,14.79,25.0,49.5,86.68,5.53,14.71,0.0,0.0,0.0,0.0,0.0,52497.59,100
ATHERENERG,39361.85,Consumer Cyclical,Auto Manufacturers,-33.74,-17.47,-314.17,15.28,0.26,-10.33,0.0,73.75,0.0,0.0,-113.86,0.0,0.0,0.0,0.0,0.0,0.0,73
ATUL,19126.84,Basic Materials,Specialty Chemicals,11.53,10.45,28.19,3.07,2.91,12.07,45.0,17.87,93.26,9.66,8.52,0.0,0.0,0.0,0.0,0.0,19466.82,100
AUROPHARMA,84241.08,Healthcare,Drug Manufacturers - Specialty & Generic,9.93,12.55,24.27,2.24,0.21,15.11,28.0,10.87,8.92,22.05,10.19,0.0,0.0,0.0,0.0,0.0,37877.06,100
AIIL,39060.13,Financial Services,Capital Markets,13.1,10.99,7.46,2.4,0.25,39.88,4.0,-78.6,-96.61,-23.44,27.79,0.0,0.0,0.0,0.0,0.0,15717.15,100
DMART,260044.15,Consumer Defensive,Discount Stores,12.94,16.12,87.26,10.61,9.91,5.24,0.0,10.71,-9.28,7.69,12.78,0.0,0.0,0.0,0.0,0.0,236720.39,100
AXISBANK,409713.4,Financial Services,Banks - Regional,13.15,0.0,15.59,1.9,0.0,0.0,8.0,5.47,12.76,34.61,14.64,0.0,0.0,0.0,0.0,0.0,302200.1,73
BEML,14387.34,Industrials,Conglomerates,0.0,5.2,101.61,5.14,0.24,13.88,73.0,104.87,636.67,-3.62,8.51,0.0,0.0,0.0,0.0,0.0,6206.53,91
BLS,10323.04,Industrials,Specialty Business Services,30.14,23.08,15.08,4.19,0.15,21.95,1.18,17.58,31.56,50.67,23.85,0.0,0.0,0.0,0.0,0.0,7342.24,100
BSE,157915.18,Financial Services,Financial Data & Stock Exchanges,36.0,37.11,64.26,20.08,0.0,64.38,25.0,84.67,61.27,124.5,29.42,0.0,0.0,0.0,0.0,0.0,7545.78,91
BAJAJ-AUTO,282455.44,Consumer Cyclical,Auto Manufacturers,28.05,21.45,26.31,7.28,0.56,16.29,1.48,40.18,103.23,21.03,24.71,0.0,0.0,0.0,0.0,0.0,123302.61,100
BAJFINANCE,541297.21,Financial Services,Credit Services,17.91,0.0,28.54,4.75,3.13,0.0,61.0,19.37,21.99,18.23,17.31,0.0,0.0,0.0,0.0,0.0,434582.15,82
BAJAJFINSV,262970.59,Financial Services,Financial Conglomerates,14.6,7.27,26.93,3.37,2.56,42.47,8.0,7.59,5.09,15.16,7.24,0.0,0.0,0.0,0.0,0.0,233956.22,100
BAJAJHLDNG,109768.79,Financial Services,Asset Management,12.62,0.0,11.39,1.5,0.01,0.0,1.59,27.08,49.23,25.71,10.74,0.0,0.0,0.0,0.0,0.0,72953.52,82
BAJAJHFL,68994.64,Financial Services,Mortgage Finance,12.06,2.72,26.98,3.08,4.61,31.7,0.0,20.46,22.11,26.73,12.12,0.0,0.0,0.0,0.0,0.0,0.0,91
BALKRISIND,38160.81,Consumer Cyclical,Auto Parts,0.0,12.03,30.67,3.48,0.35,15.04,75.0,14.55,-33.38,5.54,14.63,0.0,0.0,0.0,0.0,0.0,43636.47,91
BALRAMCHIN,11589.06,Consumer Defensive,Confectioners,9.54,10.44,29.56,2.68,0.77,14.97,1.3,6.67,-30.36,10.02,12.12,0.0,0.0,0.0,0.0,0.0,8354.69,100
BANDHANBNK,31237.64,Financial Services,Banks - Regional,4.88,0.0,26.45,1.22,0.0,0.0,75.0,-9.17,25.24,-17.7,8.75,0.0,0.0,0.0,0.0,0.0,40464.85,73
BANKBARODA,138385.66,Financial Services,Banks - Regional,12.74,0.0,6.97,0.83,0.0,0.0,3.16,9.23,11.26,10.01,13.81,0.0,0.0,0.0,0.0,0.0,85544.6,73
BANKINDIA,64365.62,Financial Services,Banks - Regional,12.06,0.0,5.95,0.72,0.0,0.0,3.21,26.93,17.11,39.0,10.84,0.0,0.0,0.0,0.0,0.0,29577.1,73
MAHABANK,63901.44,Financial Services,Banks - Regional,22.66,0.0,9.11,1.92,0.0,0.0,2.61,24.37,44.86,39.14,20.3,0.0,0.0,0.0,0.0,0.0,20216.03,73
BATAINDIA,8455.18,Consumer Cyclical,Footwear & Accessories,0.0,10.16,63.07,5.55,0.87,5.53,1.36,-9.92,-96.24,-25.38,15.53,0.0,0.0,0.0,0.0,0.0,19624.16,91
BAYERCROP,18960.17,Basic Materials,Agricultural Inputs,23.7,24.9,27.49,6.39,2.76,15.02,2.91,5.2,13.12,-3.13,23.05,0.0,0.0,0.0,0.0,0.0,17728.79,100
BELRISE,19612.05,Consumer Cyclical,Auto Parts,12.52,12.98,37.93,3.59,0.29,7.78,24.0,12.24,18.37,16.57,12.01,0.0,0.0,0.0,0.0,0.0,0.0,91
BERGEPAINT,59926.71,Basic Materials,Specialty Chemicals,17.23,19.24,53.2,8.67,9.16,13.27,74.0,-3.6,13.43,9.45,19.02,0.0,0.0,0.0,0.0,0.0,61890.48,100
BDL,42532.25,Industrials,Aerospace & Defense,10.19,1.86,101.07,10.02,0.01,7.24,44.0,-72.86,-58.51,6.08,13.49,0.0,0.0,0.0,0.0,0.0,20597.08,100
BEL,294072.41,Industrials,Aerospace & Defense,27.56,29.65,48.53,12.26,0.27,27.47,1.07,77.18,69.74,26.64,25.42,0.0,0.0,0.0,0.0,0.0,84763.1,100
BHARATFORG,92887.84,Consumer Cyclical,Auto Parts,11.6,15.43,86.66,9.71,0.76,11.55,44.0,17.53,-17.53,26.9,11.59,0.0,0.0,0.0,0.0,0.0,38634.08,100
BHEL,129062.68,Industrials,Specialty Industrial Machinery,6.29,4.62,80.58,4.93,0.31,13.53,13.0,69.17,858.03,35.91,3.14,0.0,0.0,0.0,0.0,0.0,29669.1,100
BPCL,122345.48,Energy,Oil & Gas Refining & Marketing,28.47,23.29,4.73,1.22,0.54,6.78,6.94,4.89,47.78,129.75,25.9,0.0,0.0,0.0,0.0,0.0,66868.81,100
BHARTIARTL,1085865.77,Communication Services,Telecom Services,19.36,17.73,40.17,6.99,1.0,32.23,90.0,22.72,-50.44,47.34,14.19,0.0,0.0,0.0,0.0,0.0,500139.18,100
BHARTIHEXA,73925.0,Communication Services,Telecom Services,26.47,20.39,42.63,10.32,0.86,29.1,69.0,7.24,71.22,46.68,20.24,0.0,0.0,0.0,0.0,0.0,40298.72,100
BIKAJI,16840.71,Consumer Defensive,Packaged Foods,15.96,16.71,65.08,10.48,0.18,8.97,19.0,18.97,26.15,23.48,16.84,0.0,0.0,0.0,0.0,0.0,10356.67,100
GROWW,118828.75,Financial Services,Capital Markets,28.72,27.61,56.61,12.29,3.03,60.73,0.0,54.47,-9.35,0.0,21.58,0.0,0.0,0.0,0.0,0.0,0.0,82
BIOCON,67363.41,Healthcare,Biotechnology,1.15,3.02,147.5,1.95,0.42,11.3,12.0,2.9,-63.45,-5.9,2.92,0.0,0.0,0.0,0.0,0.0,38393.98,100
BSOFT,8687.83,Technology,Information Technology Services,13.66,18.05,16.81,2.12,3.42,17.05,2.06,-1.03,50.44,16.06,15.98,0.0,0.0,0.0,0.0,0.0,9084.8,100
BLUEDART,11176.09,Industrials,Integrated Freight & Logistics,14.83,17.02,45.22,6.29,0.0,5.36,53.0,1.44,-39.7,-12.6,17.38,0.0,0.0,0.0,0.0,0.0,15579.88,91
BLUEJET,8646.38,Healthcare,Biotechnology,19.88,19.11,34.91,6.36,3.1,27.62,26.0,-26.29,-34.99,15.69,21.51,0.0,0.0,0.0,0.0,0.0,7144.75,100
BLUESTARCO,32006.66,Industrials,Building Products & Equipment,16.22,20.26,60.77,9.32,0.24,6.83,54.0,45.05,71.27,9.63,16.84,0.0,0.0,0.0,0.0,0.0,15053.77,100
BBTC,10396.01,Consumer Defensive,Packaged Foods,28.71,30.78,8.36,1.48,0.17,15.54,2.24,7.27,43.84,0.0,12.32,0.0,0.0,0.0,0.0,0.0,6498.47,91
BOSCHLTD,110802.1,Consumer Cyclical,Auto Parts,19.35,14.95,39.92,7.46,0.8,11.96,71.0,13.34,2.98,24.84,17.98,0.0,0.0,0.0,0.0,0.0,53813.88,100
FIRSTCRY,10305.43,Consumer Cyclical,Internet Retail,-3.83,-2.1,47.79,2.12,0.3,-1.57,0.0,12.04,0.0,0.0,-4.49,0.0,0.0,0.0,0.0,0.0,0.0,73
BRIGADE,15862.5,Real Estate,Real Estate - Development,10.79,8.4,2494.04,2.33,0.84,19.52,39.0,-0.43,-38.41,30.28,10.95,0.0,0.0,0.0,0.0,0.0,13719.08,100
BRITANNIA,123155.96,Consumer Defensive,Packaged Foods,53.31,57.77,48.71,24.12,0.27,16.38,1.75,4.99,16.62,2.95,51.0,0.0,0.0,0.0,0.0,0.0,115007.74,100
MAPMYINDIA,4614.44,Technology,Software - Infrastructure,15.8,15.76,34.49,5.09,0.78,39.2,41.0,1.04,4.53,7.75,17.91,0.0,0.0,0.0,0.0,0.0,6406.59,100
CCL,15107.29,Consumer Defensive,Packaged Foods,18.0,20.46,38.91,6.44,0.56,12.36,65.0,61.45,81.66,10.98,15.76,0.0,0.0,0.0,0.0,0.0,8403.31,100
CESC,22268.26,Utilities,Utilities - Regulated Electric,12.55,12.27,14.46,1.78,1.64,23.9,3.57,15.02,65.66,4.72,11.35,0.0,0.0,0.0,0.0,0.0,8591.98,100
CGPOWER,141958.85,Industrials,Electrical Equipment & Parts,19.56,16.88,116.76,17.82,1.44,12.12,14.0,36.81,51.95,7.81,28.71,0.0,0.0,0.0,0.0,0.0,59088.85,100
CIEINDIA,16543.99,Consumer Cyclical,Auto Parts,0.0,12.64,19.12,2.22,5.71,11.78,1.61,23.79,34.81,0.0,14.16,0.0,0.0,0.0,0.0,0.0,18275.95,82
CRISIL,28506.08,Financial Services,Financial Data & Stock Exchanges,0.0,27.94,33.93,9.4,9.79,26.39,90.0,15.86,3.81,10.72,27.33,0.0,0.0,0.0,0.0,0.0,28206.59,91
CANFINHOME,11244.91,Financial Services,Mortgage Finance,19.66,0.0,10.36,1.88,6.37,0.0,1.89,26.96,62.96,20.46,17.45,0.0,0.0,0.0,0.0,0.0,9598.57,82
CANBK,119297.21,Financial Services,Banks - Regional,15.94,0.0,6.05,1.01,0.0,0.0,3.15,-10.77,8.54,20.53,16.53,0.0,0.0,0.0,0.0,0.0,51648.21,73
CANHLIFE,13201.31,Financial Services,Insurance - Life,8.11,0.0,105.55,8.15,0.16,0.0,0.0,-14.89,18.45,0.0,7.89,0.0,0.0,0.0,0.0,0.0,0.0,64
CAPLIPOINT,17718.33,Healthcare,Drug Manufacturers - Specialty & Generic,19.94,18.8,27.73,5.05,0.13,30.9,35.0,21.75,22.42,19.45,18.57,0.0,0.0,0.0,0.0,0.0,6102.42,100
CGCL,19174.77,Financial Services,Credit Services,16.5,3.26,19.67,2.67,3.35,25.92,10.0,70.47,120.8,66.77,10.53,0.0,0.0,0.0,0.0,0.0,73275.67,100
CARBORUNIV,19007.44,Industrials,Conglomerates,4.37,7.86,97.16,4.84,0.1,5.76,39.0,11.44,-150.58,-22.23,8.98,0.0,0.0,0.0,0.0,0.0,22451.65,100
CARTRADE,11432.75,Consumer Cyclical,Auto & Truck Dealerships,9.85,7.93,53.46,4.6,5.36,29.9,0.0,15.28,51.33,87.19,4.99,0.0,0.0,0.0,0.0,0.0,2454.15,100
CASTROLIND,18012.91,Energy,Oil & Gas Refining & Marketing,0.0,62.88,18.77,9.48,3.31,19.52,4.79,14.13,-10.76,5.23,43.8,0.0,0.0,0.0,0.0,0.0,9945.58,91
CEATLTD,12703.54,Consumer Cyclical,Auto Parts,14.79,18.02,18.23,2.16,0.65,9.69,96.0,27.85,151.11,55.35,13.49,0.0,0.0,0.0,0.0,0.0,7847.5,100
CEMPRO,20190.19,Industrials,Engineering & Construction,28.24,33.28,33.81,8.41,0.38,10.73,24.0,30.97,178.23,68.81,21.17,0.0,0.0,0.0,0.0,0.0,2858.27,100
CENTRALBK,27308.08,Financial Services,Banks - Regional,11.91,0.0,6.03,0.7,0.0,0.0,4.51,8.18,-22.59,39.16,10.15,0.0,0.0,0.0,0.0,0.0,23554.84,73
CDSL,24875.18,Financial Services,Capital Markets,23.91,25.37,54.45,12.69,0.11,37.64,1.04,-5.49,-38.34,18.24,26.59,0.0,0.0,0.0,0.0,0.0,10578.03,100
CHALET,15882.55,Consumer Cyclical,Lodging,19.13,15.9,24.62,4.29,0.64,36.84,27.0,21.94,68.87,52.1,12.39,0.0,0.0,0.0,0.0,0.0,9352.73,100
CHAMBLFERT,18642.35,Basic Materials,Agricultural Inputs,20.45,19.66,9.54,1.79,0.1,5.92,2.09,-43.37,-68.33,23.61,18.44,0.0,0.0,0.0,0.0,0.0,10471.0,100
CHENNPETRO,16977.39,Energy,Oil & Gas Refining & Marketing,32.13,32.38,5.47,1.53,0.18,11.21,1.1,30.11,6742.4,-4.22,20.55,0.0,0.0,0.0,0.0,0.0,4853.83,100
CHOICEIN,14616.36,Financial Services,Capital Markets,16.24,16.67,58.53,7.76,0.5,34.38,0.0,46.51,96.21,53.6,15.51,0.0,0.0,0.0,0.0,0.0,4275.64,100
CHOLAHLDNG,26769.55,Financial Services,Credit Services,18.04,2.77,10.97,1.73,6.21,18.32,9.0,13.87,11.99,23.69,7.76,0.0,0.0,0.0,0.0,0.0,16152.44,100
CHOLAFIN,124028.56,Financial Services,Credit Services,19.33,0.0,23.52,4.07,6.93,0.0,10.0,35.06,51.18,25.22,17.55,0.0,0.0,0.0,0.0,0.0,91082.82,82
CIPLA,111749.25,Healthcare,Drug Manufacturers - Specialty & Generic,11.74,13.66,28.78,3.25,1.78,9.5,94.0,-7.14,-64.68,11.45,14.49,0.0,0.0,0.0,0.0,0.0,74770.77,100
CUB,19082.56,Financial Services,Banks - Regional,13.24,0.0,14.41,1.81,0.0,0.0,79.0,31.88,25.72,12.26,12.17,0.0,0.0,0.0,0.0,0.0,9009.28,73
CLEAN,7876.6,Basic Materials,Specialty Chemicals,15.31,17.15,34.31,4.98,0.14,30.07,80.0,3.5,-11.23,-8.03,17.82,0.0,0.0,0.0,0.0,0.0,14144.47,100
COALINDIA,274980.96,Energy,Thermal Coal,28.12,14.27,8.84,2.31,0.12,20.92,4.88,43.67,27.44,-0.71,35.32,0.0,0.0,0.0,0.0,0.0,115268.49,100
COCHINSHIP,36510.35,Industrials,Aerospace & Defense,12.52,10.41,50.95,6.22,0.28,18.71,94.0,-15.55,-3.73,32.99,14.23,0.0,0.0,0.0,0.0,0.0,7143.26,100
COFORGE,61699.56,Technology,Information Technology Services,18.6,21.09,31.85,4.91,7.52,16.56,1.14,36.59,184.13,30.89,15.83,0.0,0.0,0.0,0.0,0.0,38636.47,100
COHANCE,16215.28,Healthcare,Drug Manufacturers - Specialty & Generic,3.84,4.71,90.29,4.15,9.93,7.66,0.0,-26.33,-83.77,-24.19,15.19,0.0,0.0,0.0,0.0,0.0,18191.21,100
COLPAL,55175.01,Consumer Defensive,Household & Personal Products,81.59,103.51,41.63,34.83,2.99,29.98,2.33,8.99,9.46,8.17,80.2,0.0,0.0,0.0,0.0,0.0,41448.93,100
CAMS,17920.6,Technology,Information Technology Services,38.69,40.7,37.8,13.56,4.86,39.24,1.69,6.89,0.75,18.61,38.89,0.0,0.0,0.0,0.0,0.0,10212.1,100
CONCORDBIO,14053.1,Healthcare,Biotechnology,13.54,14.18,54.27,6.99,0.12,30.36,57.0,-24.15,-36.75,2.81,17.88,0.0,0.0,0.0,0.0,0.0,9746.16,100
CONCOR,33530.23,Industrials,Railroads,9.76,9.56,26.93,2.58,7.39,12.12,3.05,-1.07,-12.39,1.89,10.1,0.0,0.0,0.0,0.0,0.0,48482.72,100
COROMANDEL,54940.96,Basic Materials,Agricultural Inputs,15.59,19.11,28.1,4.38,0.11,5.38,21.0,-13.43,-72.66,-0.95,16.9,0.0,0.0,0.0,0.0,0.0,26926.92,100
CRAFTSMAN,20975.02,Consumer Cyclical,Auto Parts,12.55,13.42,54.66,6.43,1.11,10.8,13.0,27.28,74.39,15.63,11.99,0.0,0.0,0.0,0.0,0.0,9362.05,100
CREDITACC,20287.23,Financial Services,Credit Services,10.51,14.81,26.15,2.59,3.03,47.99,0.0,15.37,0.0,-1.99,13.19,0.0,0.0,0.0,0.0,0.0,19856.64,91
CROMPTON,16536.03,Consumer Cyclical,"Furnishings, Fixtures & Appliances",-6.34,17.46,21.86,5.49,5.8,9.9,1.18,29.04,-586.1,0.0,6.72,0.0,0.0,0.0,0.0,0.0,17656.76,91
CUMMINSIND,154040.03,Industrials,Specialty Industrial Machinery,29.45,27.03,65.18,18.17,0.43,19.95,1.18,-2.91,16.29,24.35,26.78,0.0,0.0,0.0,0.0,0.0,47698.28,100
CYIENT,9353.35,Industrials,Conglomerates,7.77,9.81,21.97,1.65,7.0,9.53,3.77,0.03,-55.19,-5.95,10.87,0.0,0.0,0.0,0.0,0.0,15148.06,100
DCMSHRIRAM,15963.13,Industrials,Conglomerates,11.62,9.57,18.84,2.09,0.38,6.79,1.38,-5.34,41.12,-2.15,8.84,0.0,0.0,0.0,0.0,0.0,13022.32,100
DLF,139360.05,Real Estate,Real Estate - Development,10.03,2.65,31.54,3.07,0.67,19.98,1.07,18.67,19.82,29.44,8.96,0.0,0.0,0.0,0.0,0.0,118933.23,100
DOMS,13687.65,Industrials,Business Equipment & Supplies,20.09,22.18,59.81,11.22,0.11,12.87,15.0,18.72,17.13,33.93,18.18,0.0,0.0,0.0,0.0,0.0,8030.67,100
DABUR,74796.51,Consumer Defensive,Household & Personal Products,16.24,16.2,39.6,6.54,0.11,11.18,1.93,-9.45,-29.44,3.54,16.57,0.0,0.0,0.0,0.0,0.0,94860.74,100
DALBHARAT,30228.09,Basic Materials,Building Materials,6.5,6.27,26.5,1.7,0.41,12.65,61.0,33.45,534.43,3.24,5.06,0.0,0.0,0.0,0.0,0.0,38942.9,100
DATAPATTNS,23541.26,Industrials,Aerospace & Defense,16.73,19.62,87.01,13.57,0.3,54.21,18.0,-12.96,21.3,29.83,14.69,0.0,0.0,0.0,0.0,0.0,9666.16,100
DEEPAKFERT,18975.02,Basic Materials,Chemicals,10.77,10.45,25.69,2.77,0.76,8.25,67.0,16.76,-44.4,-15.23,10.97,0.0,0.0,0.0,0.0,0.0,6819.55,100
DEEPAKNTR,21992.01,Basic Materials,Chemicals,9.75,10.21,40.02,3.77,0.28,14.78,45.0,-2.72,8.56,-13.55,13.02,0.0,0.0,0.0,0.0,0.0,27372.34,100
DELHIVERY,32368.96,Industrials,Integrated Freight & Logistics,1.6,-0.51,218.31,3.33,0.15,1.09,0.0,19.83,189.73,0.0,0.19,0.0,0.0,0.0,0.0,0.0,28658.42,91
DEVYANI,13129.58,Consumer Cyclical,Restaurants,-2.59,3.97,94.74,8.67,2.03,3.27,0.0,11.01,0.0,0.0,0.7,0.0,0.0,0.0,0.0,0.0,21983.32,82
DIVISLAB,176682.6,Healthcare,Drug Manufacturers - Specialty & Generic,16.19,16.55,68.67,10.53,0.04,28.75,45.0,22.08,27.5,12.08,13.92,0.0,0.0,0.0,0.0,0.0,89588.62,100
DIXON,69137.83,Technology,Consumer Electronics,37.13,22.8,42.3,12.67,0.18,2.89,7.0,0.54,49.78,77.9,26.55,0.0,0.0,0.0,0.0,0.0,25409.75,100
LALPATHLAB,26607.91,Healthcare,Diagnostics & Research,21.48,24.22,50.28,10.61,7.83,20.79,89.0,-0.06,-29.95,12.21,18.37,0.0,0.0,0.0,0.0,0.0,15928.57,100
DRREDDY,106252.97,Healthcare,Drug Manufacturers - Specialty & Generic,11.83,12.17,24.83,2.82,0.2,1.1,63.0,-11.64,-86.14,-1.67,15.96,0.0,0.0,0.0,0.0,0.0,76325.47,100
DUMMYVEDL1,0.0,,,0.0,0.0,0.0,0.0,0.0,0.0,0.0,0.0,0.0,0.0,0.0,0.0,0.0,0.0,0.0,0.0,0.0,0
DUMMYVEDL2,0.0,,,0.0,0.0,0.0,0.0,0.0,0.0,0.0,0.0,0.0,0.0,0.0,0.0,0.0,0.0,0.0,0.0,0.0,0
DUMMYVEDL3,0.0,,,0.0,0.0,0.0,0.0,0.0,0.0,0.0,0.0,0.0,0.0,0.0,0.0,0.0,0.0,0.0,0.0,0.0,0
DUMMYVEDL4,0.0,,,0.0,0.0,0.0,0.0,0.0,0.0,0.0,0.0,0.0,0.0,0.0,0.0,0.0,0.0,0.0,0.0,0.0,0
EIDPARRY,12636.31,Basic Materials,Agricultural Inputs,9.91,15.82,10.64,1.44,0.24,6.12,0.0,18.29,19.13,-1.06,8.25,0.0,0.0,0.0,0.0,0.0,8339.01,100
EIHOTEL,18110.55,Consumer Cyclical,Lodging,12.95,14.75,28.79,3.85,4.67,33.07,51.0,8.19,-6.06,25.93,14.28,0.0,0.0,0.0,0.0,0.0,12985.85,100
EICHERMOT,197075.51,Consumer Cyclical,Auto Manufacturers,23.77,18.22,35.77,7.85,2.05,21.51,97.0,15.74,11.58,23.7,22.13,0.0,0.0,0.0,0.0,0.0,95182.61,100
ELECON,11850.56,Industrials,Specialty Industrial Machinery,15.85,16.71,34.7,5.09,0.12,17.55,38.0,40.98,-94.42,12.83,19.24,0.0,0.0,0.0,0.0,0.0,6328.89,100
ELGIEQUIP,18708.0,Industrials,Specialty Industrial Machinery,21.0,21.0,43.57,8.38,0.24,13.41,45.0,12.06,25.49,5.08,19.14,0.0,0.0,0.0,0.0,0.0,16501.48,100
EMAMILTD,16868.54,Consumer Defensive,Household & Personal Products,27.61,26.23,21.75,5.77,5.54,15.61,3.04,-3.94,-11.71,6.62,28.64,0.0,0.0,0.0,0.0,0.0,15494.42,100
EMCURE,31925.39,Healthcare,Drug Manufacturers - Specialty & Generic,19.57,24.1,34.48,6.45,0.31,15.35,17.0,16.7,28.81,20.22,16.4,0.0,0.0,0.0,0.0,0.0,0.0,91
EMMVEE,22265.82,Technology,Solar,51.12,33.55,18.72,6.02,9.74,28.29,0.0,62.25,89.43,394.6,38.38,0.0,0.0,0.0,0.0,0.0,0.0,91
ENDURANCE,34887.2,Consumer Cyclical,Auto Parts,15.16,15.05,36.71,5.1,0.19,8.71,46.0,37.88,12.78,25.67,14.07,0.0,0.0,0.0,0.0,0.0,21204.95,100
ENGINERSIN,12586.94,Industrials,Engineering & Construction,0.0,20.49,18.21,4.64,0.53,15.22,1.29,-8.31,-30.12,25.93,21.15,0.0,0.0,0.0,0.0,0.0,5855.77,91
ERIS,18922.75,Healthcare,Drug Manufacturers - Specialty & Generic,18.07,15.89,30.19,4.78,0.61,27.13,1.05,7.07,200.1,17.47,12.94,0.0,0.0,0.0,0.0,0.0,9043.9,100
ESCORTS,29979.16,Industrials,Farm & Heavy Construction Machinery,12.02,9.77,21.95,2.42,1.31,10.49,1.68,0.68,-0.03,55.5,14.34,0.0,0.0,0.0,0.0,0.0,23247.4,100
ETERNAL,216240.33,Consumer Cyclical,Internet Retail,1.19,-1.11,618.95,6.95,0.15,0.1,0.0,219.93,194.92,0.0,1.55,0.0,0.0,0.0,0.0,0.0,71666.38,91
EXIDEIND,32780.25,Consumer Cyclical,Auto Parts,6.17,8.3,38.37,2.36,0.11,7.39,52.0,9.22,15.19,1.26,6.21,0.0,0.0,0.0,0.0,0.0,17177.58,100
NYKAA,74531.03,Consumer Cyclical,Internet Retail,14.34,23.31,366.55,52.54,0.82,5.24,0.0,28.44,286.49,117.96,6.91,0.0,0.0,0.0,0.0,0.0,40093.54,100
FEDERALBNK,76353.65,Financial Services,Banks - Regional,11.73,0.0,17.72,1.91,0.0,0.0,39.0,30.46,42.03,11.15,11.62,0.0,0.0,0.0,0.0,0.0,30267.92,73
FACT,57537.65,Basic Materials,Agricultural Inputs,0.0,2.27,0.0,41.84,2.95,2.44,4.0,56.29,-60.5,0.0,3.17,0.0,0.0,0.0,0.0,0.0,20683.35,73
FINCABLES,15491.23,Industrials,Electrical Equipment & Parts,12.33,8.52,21.72,2.55,0.31,8.39,80.0,22.36,17.07,12.28,12.55,0.0,0.0,0.0,0.0,0.0,11969.69,100
FSL,17051.84,Technology,Information Technology Services,15.9,19.21,25.84,3.89,0.67,12.03,2.2,25.15,28.03,9.5,14.6,0.0,0.0,0.0,0.0,0.0,8725.49,100
FIVESTAR,12497.91,Financial Services,Credit Services,16.06,10.22,11.37,1.69,1.11,49.54,46.0,12.56,-1.68,22.11,16.0,0.0,0.0,0.0,0.0,0.0,17521.65,100
FORCEMOT,22523.5,Consumer Cyclical,Auto Manufacturers,33.51,23.99,16.46,5.47,0.0,14.15,23.0,12.65,252.19,0.0,16.9,0.0,0.0,0.0,0.0,0.0,2800.2,82
FORTIS,74665.36,Healthcare,Medical Care Facilities,11.01,11.81,71.41,7.55,0.34,17.35,10.0,17.81,44.57,20.95,8.56,0.0,0.0,0.0,0.0,0.0,21302.83,100
GAIL,109205.49,Utilities,Utilities - Regulated Gas,8.69,6.55,14.41,1.23,0.28,2.75,7.44,-3.42,-63.62,10.53,11.97,0.0,0.0,0.0,0.0,0.0,62318.12,100
GVT&D,121238.03,Industrials,Specialty Industrial Machinery,55.26,57.5,98.3,58.09,0.89,26.44,21.0,52.48,146.54,0.0,31.57,0.0,0.0,0.0,0.0,0.0,5362.03,91
GMRAIRPORT,105695.35,Industrials,Airports & Air Services,0.0,9.93,770.0,-42.09,0.0,26.19,0.0,37.54,0.0,0.0,0.0,0.0,0.0,0.0,0.0,0.0,44717.26,55
GABRIEL,17878.96,Consumer Cyclical,Auto Parts,19.58,21.97,57.48,10.6,0.11,7.31,48.0,12.71,3.49,23.99,18.89,0.0,0.0,0.0,0.0,0.0,3242.71,100
GALLANTT,15747.2,Basic Materials,Steel,0.0,16.33,32.53,4.75,0.0,12.52,14.0,7.73,8.06,50.91,12.63,0.0,0.0,0.0,0.0,0.0,1363.36,82
GRSE,29051.54,Industrials,Aerospace & Defense,31.79,18.91,42.16,11.06,1.42,8.42,1.03,64.42,74.66,40.66,20.95,0.0,0.0,0.0,0.0,0.0,6313.05,100
GICRE,64982.97,Financial Services,Insurance - Reinsurance,10.69,0.0,6.73,0.71,0.0,0.0,3.49,2.15,1.35,11.84,12.63,0.0,0.0,0.0,0.0,0.0,29202.97,73
GILLETTE,24987.97,Consumer Defensive,Household & Personal Products,66.44,52.52,46.75,26.4,0.0,26.86,2.34,-9.61,9.53,9.87,37.32,0.0,0.0,0.0,0.0,0.0,14040.61,91
GLAND,38047.95,Healthcare,Drug Manufacturers - Specialty & Generic,10.53,11.06,36.99,3.67,2.74,23.2,88.0,25.92,79.13,9.57,8.8,0.0,0.0,0.0,0.0,0.0,15456.12,100
GLAXO,35629.48,Healthcare,Drug Manufacturers - General,49.11,49.02,34.42,15.71,1.47,33.94,2.62,4.83,20.87,19.26,42.14,0.0,0.0,0.0,0.0,0.0,21749.9,100
GLENMARK,60517.96,Healthcare,Drug Manufacturers - Specialty & Generic,14.07,29.55,44.45,5.76,5.65,16.35,23.0,16.77,6382.02,66.09,1.88,0.0,0.0,0.0,0.0,0.0,17897.74,100
MEDANTA,33027.74,Healthcare,Medical Care Facilities,15.03,13.2,59.35,8.33,0.3,15.29,4.0,24.46,42.0,19.5,14.88,0.0,0.0,0.0,0.0,0.0,16652.98,100
GODIGIT,27414.36,Financial Services,Insurance - Property & Casualty,11.71,0.0,50.53,5.84,7.47,0.0,0.0,11.27,26.07,148.33,9.3,0.0,0.0,0.0,0.0,0.0,28283.19,82
GPIL,18080.1,Basic Materials,Steel,14.87,16.72,22.09,2.94,7.58,24.26,36.0,9.69,26.59,0.31,16.89,0.0,0.0,0.0,0.0,0.0,26131.14,100
GODFRYPHLP,34209.92,Consumer Defensive,Tobacco,26.59,22.53,22.41,5.51,3.76,29.2,1.66,12.5,65.09,30.26,21.93,0.0,0.0,0.0,0.0,0.0,8439.36,100
GODREJCP,103235.15,Consumer Defensive,Household & Personal Products,15.1,21.2,55.46,8.15,0.35,19.7,1.95,3.62,-9.34,3.02,8.56,0.0,0.0,0.0,0.0,0.0,102046.62,100
GODREJIND,33990.34,Industrials,Conglomerates,10.83,3.79,27.36,3.04,2.22,13.33,0.0,33.12,142.67,8.37,3.45,0.0,0.0,0.0,0.0,0.0,15907.29,100
GODREJPROP,48738.36,Real Estate,Real Estate - Development,9.97,-2.38,26.36,2.54,0.82,14.07,61.0,256.92,299.58,47.94,8.19,0.0,0.0,0.0,0.0,0.0,43222.91,100
GRANULES,18910.62,Healthcare,Drug Manufacturers - Specialty & Generic,13.52,15.8,31.15,3.68,0.3,18.55,23.0,21.78,32.58,4.82,12.59,0.0,0.0,0.0,0.0,0.0,6852.68,100
GRAPHITE,12199.25,Industrials,Electrical Equipment & Parts,2.92,1.75,69.53,2.09,6.27,-19.85,1.1,22.52,-308.0,-4.25,8.42,0.0,0.0,0.0,0.0,0.0,7044.6,100
GRASIM,209521.49,Basic Materials,Building Materials,6.29,3.77,42.27,2.02,1.34,11.24,33.0,44.44,138.71,-10.06,3.11,0.0,0.0,0.0,0.0,0.0,115449.57,100
GRAVITA,11441.95,Industrials,Metal Fabrication,16.68,15.17,30.22,4.67,0.3,8.65,64.0,17.7,17.9,23.5,19.52,0.0,0.0,0.0,0.0,0.0,4214.4,100
GESHIP,19837.5,Industrials,Marine Shipping,18.85,10.94,6.75,1.17,6.41,37.11,3.42,23.58,187.56,4.55,18.29,0.0,0.0,0.0,0.0,0.0,9379.28,100
FLUOROCHEM,40430.29,Basic Materials,Specialty Chemicals,7.55,8.96,70.2,5.28,0.29,13.81,8.0,11.76,-41.36,-24.23,7.37,0.0,0.0,0.0,0.0,0.0,34421.47,100
GMDCLTD,18722.25,Energy,Thermal Coal,14.19,4.01,19.57,2.65,4.47,6.81,1.67,3.53,-14.2,-7.39,11.31,0.0,0.0,0.0,0.0,0.0,4759.28,100
HEG,9880.45,Industrials,Electrical Equipment & Parts,7.34,4.26,25.92,2.12,0.17,33.99,35.0,37.2,148.17,-35.61,7.35,0.0,0.0,0.0,0.0,0.0,5151.1,100
HBLENGINE,20678.74,Industrials,Electrical Equipment & Parts,44.07,44.73,25.37,9.26,3.02,9.94,27.0,27.03,41.82,102.15,26.17,0.0,0.0,0.0,0.0,0.0,3947.27,100
HCLTECH,300394.19,Technology,Information Technology Services,23.36,48.35,18.09,3.94,6.93,31.35,8.48,13.69,-2.24,3.87,23.36,0.0,0.0,0.0,0.0,0.0,274371.09,100
HDBFS,51627.54,Financial Services,Credit Services,13.94,10.84,20.18,2.5,4.8,35.64,65.0,14.55,58.92,9.09,14.66,0.0,0.0,0.0,0.0,0.0,0.0,91
HDFCAMC,102439.56,Financial Services,Asset Management,32.93,33.3,35.89,11.09,2.36,85.97,2.21,12.51,-2.92,26.16,29.56,0.0,0.0,0.0,0.0,0.0,39342.56,100
HDFCBANK,1146402.9,Financial Services,Banks - Regional,13.82,0.0,16.62,1.96,0.0,0.0,1.74,336.43,-6.46,20.39,10.9,0.0,0.0,0.0,0.0,0.0,1199499.2,73
HDFCLIFE,117632.85,Financial Services,Insurance - Life,11.28,0.0,61.61,6.62,0.17,0.0,38.0,14.89,18.08,11.81,10.91,0.0,0.0,0.0,0.0,0.0,124893.65,82
HFCL,25047.35,Technology,Communication Equipment,7.27,10.98,76.85,4.94,0.38,14.76,6.0,80.26,142.36,1.18,6.28,0.0,0.0,0.0,0.0,0.0,10715.22,100
HAVELLS,70817.3,Industrials,Electrical Equipment & Parts,18.97,18.32,41.94,7.49,2.8,9.16,1.04,37.15,159.81,16.41,17.52,0.0,0.0,0.0,0.0,0.0,82794.54,100
HEROMOTOCO,96768.95,Consumer Cyclical,Auto Manufacturers,28.03,25.78,16.88,4.48,3.57,13.11,3.09,30.18,25.72,26.9,23.3,0.0,0.0,0.0,0.0,0.0,53093.93,100
HEXT,30609.98,Technology,Information Technology Services,22.27,24.89,22.24,4.51,0.11,38.25,2.76,12.63,7.46,15.69,21.73,0.0,0.0,0.0,0.0,0.0,0.0,91
HSCL,34311.35,Basic Materials,Specialty Chemicals,17.7,18.49,45.22,7.29,0.16,33.66,12.0,12.9,41.34,51.52,14.67,0.0,0.0,0.0,0.0,0.0,6497.01,100
HINDALCO,229049.16,Basic Materials,Aluminum,10.29,15.09,17.02,1.66,0.73,9.98,48.0,20.41,-50.84,9.87,10.77,0.0,0.0,0.0,0.0,0.0,91400.15,100
HAL,279032.97,Industrials,Aerospace & Defense,23.98,9.56,30.62,6.8,0.03,31.77,1.19,1.77,5.52,16.08,24.09,0.0,0.0,0.0,0.0,0.0,119298.83,100
HINDCOPPER,48278.67,Basic Materials,Copper,30.6,35.31,52.55,14.46,3.32,48.47,48.0,58.06,137.35,45.95,19.3,0.0,0.0,0.0,0.0,0.0,10796.26,100
HINDPETRO,77814.47,Energy,Oil & Gas Refining & Marketing,30.93,20.27,4.31,1.19,0.85,5.9,9.28,3.93,138.45,0.0,24.94,0.0,0.0,0.0,0.0,0.0,35334.5,91
HINDUNILVR,502765.56,Consumer Defensive,Household & Personal Products,21.6,21.37,47.19,10.32,3.02,21.55,2.03,5.56,0.27,14.12,24.05,0.0,0.0,0.0,0.0,0.0,587866.25,100
HINDZINC,230279.87,Basic Materials,Other Industrial Metals & Mining,76.94,59.48,16.65,10.18,0.39,52.46,3.84,52.64,87.94,9.58,63.29,0.0,0.0,0.0,0.0,0.0,110678.3,100
POWERINDIA,148203.11,Industrials,Electrical Equipment & Parts,21.04,21.53,149.18,28.63,1.66,15.55,2.0,71.06,140.54,119.12,13.41,0.0,0.0,0.0,0.0,0.0,17486.3,100
HOMEFIRST,10756.09,Financial Services,Mortgage Finance,15.71,3.65,19.95,2.46,2.44,35.71,50.0,22.26,53.46,33.27,13.99,0.0,0.0,0.0,0.0,0.0,8279.75,100
HONASA,13593.82,Consumer Defensive,Household & Personal Products,15.45,12.58,68.02,9.61,9.59,10.11,0.0,23.15,177.0,0.0,10.18,0.0,0.0,0.0,0.0,0.0,10972.05,91
HONAUT,31169.25,Industrials,Electrical Equipment & Parts,12.35,12.04,59.46,6.98,2.48,14.41,30.0,8.24,20.89,6.23,12.88,0.0,0.0,0.0,0.0,0.0,36044.27,100
HUDCO,40704.63,Financial Services,Credit Services,20.2,0.0,10.1,2.25,6.46,0.0,2.72,-25.06,172.26,33.35,15.39,0.0,0.0,0.0,0.0,0.0,10703.51,82
HYUNDAI,157641.11,Consumer Cyclical,Auto Manufacturers,29.92,28.41,28.98,7.88,5.48,7.5,1.11,12.96,8.18,4.87,39.52,0.0,0.0,0.0,0.0,0.0,0.0,91
ICICIBANK,944422.73,Financial Services,Banks - Regional,16.36,0.0,17.62,2.6,0.0,0.0,85.0,10.35,9.28,16.78,15.4,0.0,0.0,0.0,0.0,0.0,654956.14,73
ICICIGI,85467.19,Financial Services,Insurance - Diversified,17.85,4.93,30.99,5.31,0.06,0.0,81.0,9.88,-24.55,17.04,16.57,0.0,0.0,0.0,0.0,0.0,59263.19,91
ICICIAMC,158469.17,Financial Services,Asset Management,85.8,93.05,48.11,37.98,4.07,74.65,77.0,23.67,20.82,29.58,75.18,0.0,0.0,0.0,0.0,0.0,0.0,91
ICICIPRULI,66744.41,Financial Services,Insurance - Life,12.58,0.0,41.7,4.89,0.19,0.0,35.0,-31.06,92.03,25.5,9.82,0.0,0.0,0.0,0.0,0.0,72481.42,82
IDBI,77750.62,Financial Services,Banks - Regional,14.15,0.0,8.37,1.13,0.0,0.0,2.8,-14.5,5.01,44.41,10.54,0.0,0.0,0.0,0.0,0.0,55000.69,73
IDFCFIRSTB,62833.48,Financial Services,Banks - Regional,0.0,0.0,38.8,1.34,0.0,0.0,34.0,9.35,-2.8,-13.46,5.47,0.0,0.0,0.0,0.0,0.0,62499.72,64
IFCI,18989.53,Financial Services,Credit Services,0.0,0.0,102.14,2.08,0.0,0.0,0.0,32.2,-94.18,0.0,1.22,0.0,0.0,0.0,0.0,0.0,3340.95,55
IIFL,20882.94,Financial Services,Credit Services,12.29,0.0,12.67,1.5,4.46,0.0,81.0,54.88,1341.87,3.45,9.32,0.0,0.0,0.0,0.0,0.0,20388.36,82
IRB,24409.64,Industrials,Infrastructure Operations,4.17,3.03,28.87,1.14,0.96,23.65,97.0,-17.16,37.97,5.7,13.72,0.0,0.0,0.0,0.0,0.0,16453.32,100
IRCON,12251.16,Industrials,Engineering & Construction,9.08,4.26,20.58,1.84,0.86,6.99,1.65,-6.54,-9.13,-8.02,12.03,0.0,0.0,0.0,0.0,0.0,7523.53,100
ITCHOTELS,31096.75,Consumer Cyclical,Resorts & Casinos,0.0,8.18,38.18,2.81,0.63,28.98,66.0,18.21,46.95,0.0,6.45,0.0,0.0,0.0,0.0,0.0,0.0,73
ITC,353832.19,Consumer Defensive,Tobacco,29.34,33.21,17.1,4.88,3.29,36.88,5.64,-5.12,9.18,2.54,35.02,0.0,0.0,0.0,0.0,0.0,469927.42,100
ITI,27807.16,Technology,Communication Equipment,0.0,-0.62,95.31,18.45,0.4,-2.57,0.0,-39.98,0.0,0.0,-9.91,0.0,0.0,0.0,0.0,0.0,10432.5,73
INDGN,12178.07,Healthcare,Health Information Services,13.94,13.94,30.45,3.88,4.6,12.14,39.0,39.28,-27.35,14.66,17.3,0.0,0.0,0.0,0.0,0.0,13673.89,100
INDIACEM,17880.27,Basic Materials,Building Materials,-0.66,0.82,22.9,1.18,0.13,6.29,0.0,30.73,-51.35,0.0,-2.04,0.0,0.0,0.0,0.0,0.0,10696.09,91
INDIAMART,11836.49,Communication Services,Internet Content & Information,20.7,15.51,24.98,4.93,0.96,31.07,1.49,14.12,-58.51,18.7,21.4,0.0,0.0,0.0,0.0,0.0,16589.22,100
INDIANB,111212.09,Financial Services,Banks - Regional,15.44,0.0,9.5,1.39,0.0,0.0,2.19,12.09,9.05,28.07,14.77,0.0,0.0,0.0,0.0,0.0,34947.16,73
IEX,10411.04,Financial Services,Capital Markets,39.42,35.05,21.09,7.68,0.82,82.18,3.37,31.99,20.95,17.24,36.66,0.0,0.0,0.0,0.0,0.0,10260.3,100
INDHOTEL,93334.45,Consumer Cyclical,Lodging,16.43,14.34,44.76,7.15,0.19,29.12,49.0,9.17,3.01,27.63,13.92,0.0,0.0,0.0,0.0,0.0,54859.64,100
IOC,189563.51,Energy,Oil & Gas Refining & Marketing,20.97,18.81,4.39,0.84,0.58,9.56,7.31,7.36,583.5,62.6,15.99,0.0,0.0,0.0,0.0,0.0,107715.55,100
IOB,62429.86,Financial Services,Banks - Regional,15.65,0.0,11.54,1.69,0.0,0.0,0.0,16.4,77.79,37.07,11.62,0.0,0.0,0.0,0.0,0.0,47371.21,73
IRCTC,41684.0,Consumer Cyclical,Travel Services,34.96,35.12,29.91,9.67,1.87,26.37,1.85,15.07,-8.89,11.48,34.21,0.0,0.0,0.0,0.0,0.0,49931.43,100
IRFC,121968.37,Financial Services,Credit Services,12.81,1.37,17.41,2.15,7.73,23.8,3.06,8.46,3.29,4.36,12.58,0.0,0.0,0.0,0.0,0.0,40921.02,100
IREDA,33233.21,Financial Services,Credit Services,0.0,3.3,17.55,2.4,5.65,39.43,1.0,28.72,15.81,29.41,14.92,0.0,0.0,0.0,0.0,0.0,16766.49,91
IGL,22512.03,Utilities,Utilities - Regulated Gas,13.93,10.86,14.51,1.96,0.85,6.92,2.93,5.45,-25.18,-1.86,16.72,0.0,0.0,0.0,0.0,0.0,30564.62,100
INDUSTOWER,108915.94,Communication Services,Telecom Services,19.81,17.39,15.24,2.75,0.53,32.42,0.0,7.33,-55.21,51.86,23.64,0.0,0.0,0.0,0.0,0.0,43078.5,100
INDUSINDBK,69261.01,Financial Services,Banks - Regional,1.36,0.0,77.98,1.05,0.0,0.0,17.0,-19.75,-57.63,-50.75,6.51,0.0,0.0,0.0,0.0,0.0,102675.66,73
NAUKRI,62428.93,Communication Services,Internet Content & Information,4.57,2.3,43.14,1.28,0.64,34.9,1.48,15.93,22.1,0.0,2.67,0.0,0.0,0.0,0.0,0.0,54543.19,91
INFY,451257.51,Technology,Information Technology Services,31.44,37.37,14.68,4.84,9.83,20.93,4.37,6.55,13.04,3.58,30.53,0.0,0.0,0.0,0.0,0.0,475862.62,100
INOXWIND,14016.01,Industrials,Specialty Industrial Machinery,6.75,8.3,30.6,1.9,0.21,11.86,0.0,-2.4,-52.06,0.0,4.05,0.0,0.0,0.0,0.0,0.0,6303.75,91
INTELLECT,10147.82,Technology,Software - Application,11.41,10.89,29.99,3.19,4.96,14.72,54.0,38.94,71.29,8.93,11.9,0.0,0.0,0.0,0.0,0.0,8203.68,100
INDIGO,174088.68,Industrials,Airlines,0.0,10.39,19.39,24.96,8.66,12.54,24.0,1.48,-203.57,0.0,150.86,0.0,0.0,0.0,0.0,0.0,93063.93,82
IGIL,15296.29,Basic Materials,Other Precious Metals & Mining,0.0,36.11,29.87,10.27,9.59,60.49,1.39,45.1,62.59,20.91,35.26,0.0,0.0,0.0,0.0,0.0,0.0,82
IKS,27640.1,Healthcare,Health Information Services,31.44,29.33,38.98,9.85,0.27,31.03,0.0,30.51,58.83,33.21,28.31,0.0,0.0,0.0,0.0,0.0,0.0,91
IPCALAB,40937.71,Healthcare,Drug Manufacturers - Specialty & Generic,13.22,15.51,35.87,5.08,8.49,15.77,37.0,6.31,340.98,34.28,9.29,0.0,0.0,0.0,0.0,0.0,18421.9,100
JBCHEPHARM,36169.06,Healthcare,Drug Manufacturers - Specialty & Generic,18.69,20.58,50.66,8.7,0.09,16.71,84.0,-4.77,-30.42,20.07,18.39,0.0,0.0,0.0,0.0,0.0,16672.05,100
JKCEMENT,36323.8,Basic Materials,Building Materials,15.03,12.46,36.57,5.16,0.87,12.87,31.0,32.67,75.57,32.82,14.36,0.0,0.0,0.0,0.0,0.0,24910.1,100
JBMA,15250.33,Consumer Cyclical,Auto Parts,15.99,19.0,69.56,10.74,1.9,10.43,13.0,32.67,41.03,20.71,14.44,0.0,0.0,0.0,0.0,0.0,10868.56,100
JKTYRE,10160.76,Consumer Cyclical,Auto Parts,14.05,14.75,12.94,1.84,0.81,9.81,82.0,14.96,238.38,43.53,13.37,0.0,0.0,0.0,0.0,0.0,5324.19,100
JMFINANCIL,11065.36,Financial Services,Capital Markets,11.13,0.0,9.22,1.08,1.02,0.0,1.48,5.62,-20.85,26.25,7.44,0.0,0.0,0.0,0.0,0.0,6599.88,82
JSWCEMENT,16717.4,Basic Materials,Building Materials,-17.95,8.69,21.91,2.55,0.68,14.85,0.0,32.26,0.0,0.0,-4.21,0.0,0.0,0.0,0.0,0.0,0.0,73
JSWDULUX,14517.34,,,0.0,16.33,7.35,5.92,0.0,12.1,0.0,-15.92,15.75,80.6,48.29,0.0,0.0,0.0,0.0,0.0,9602.04,82
JSWENERGY,101193.29,Utilities,Utilities - Independent Power Producers,8.82,6.62,43.38,3.15,2.29,32.03,36.0,84.45,121.4,14.86,7.19,0.0,0.0,0.0,0.0,0.0,46630.6,100
JSWINFRA,57435.78,Industrials,Marine Shipping,13.95,10.81,37.89,5.27,0.59,40.14,29.0,28.81,26.85,27.22,13.8,0.0,0.0,0.0,0.0,0.0,32662.25,100
JSWSTEEL,312987.25,Basic Materials,Steel,27.26,10.09,14.04,3.13,0.94,13.02,56.0,22.07,2183.12,75.28,12.16,0.0,0.0,0.0,0.0,0.0,179742.1,100
JAINREC,10533.74,Basic Materials,Other Industrial Metals & Mining,28.67,33.78,29.41,7.24,0.82,3.4,0.0,74.36,18.84,56.54,32.53,0.0,0.0,0.0,0.0,0.0,0.0,91
JPPOWER,12158.04,Utilities,Utilities - Independent Power Producers,3.6,5.45,36.2,1.74,0.27,0.32,0.0,21.6,-110.55,101.09,6.36,0.0,0.0,0.0,0.0,0.0,4386.22,100
J&KBANK,16855.8,Financial Services,Banks - Regional,15.37,0.0,7.15,1.02,0.0,0.0,1.39,-0.16,51.07,25.96,14.49,0.0,0.0,0.0,0.0,0.0,5932.7,73
JINDALSAW,14250.2,Basic Materials,Steel,7.96,9.99,14.68,1.13,0.38,6.78,89.0,-12.1,-72.47,14.76,13.9,0.0,0.0,0.0,0.0,0.0,7287.05,100
JSL,55975.03,Basic Materials,Steel,17.41,16.84,17.55,12.44,0.38,10.38,45.0,11.17,42.74,14.73,16.64,0.0,0.0,0.0,0.0,0.0,25884.97,100
JINDALSTEL,114090.95,Basic Materials,Steel,6.77,8.15,33.91,2.3,0.44,12.76,18.0,37.69,9.92,-5.37,8.57,0.0,0.0,0.0,0.0,0.0,53116.92,100
JIOFIN,150564.84,Financial Services,Asset Management,1.21,1.39,94.22,1.08,0.16,69.06,22.0,249.76,-7.65,268.28,1.21,0.0,0.0,0.0,0.0,0.0,164096.3,100
JUBLFOOD,27201.42,Consumer Cyclical,Restaurants,16.89,15.42,72.56,11.89,2.65,8.62,28.0,19.31,66.21,6.65,15.13,0.0,0.0,0.0,0.0,0.0,31575.71,100
JUBLINGREA,9736.63,Basic Materials,Specialty Chemicals,9.18,10.06,35.22,3.12,0.25,9.8,81.0,11.47,24.59,-3.32,8.05,0.0,0.0,0.0,0.0,0.0,6546.8,100
JUBLPHARMA,14981.05,Healthcare,Drug Manufacturers - Specialty & Generic,5.96,6.31,37.71,2.11,0.51,9.79,52.0,25.28,18.33,0.0,6.83,0.0,0.0,0.0,0.0,0.0,5600.72,91
JWL,11299.67,Industrials,Railroads,5.77,8.8,65.94,3.82,0.33,8.39,69.0,-25.31,-72.08,12.3,13.29,0.0,0.0,0.0,0.0,0.0,5706.73,100
JYOTICNC,14393.61,Industrials,Specialty Industrial Machinery,18.22,19.56,42.82,7.2,0.43,22.22,0.0,4.08,-16.89,0.0,15.53,0.0,0.0,0.0,0.0,0.0,9874.71,91
KPRMILL,36125.85,Consumer Cyclical,Textile Manufacturing,0.0,17.9,41.69,6.74,6.46,17.13,54.0,16.94,12.32,2.1,16.66,0.0,0.0,0.0,0.0,0.0,21463.71,91
KEI,49535.45,Industrials,Electrical Equipment & Parts,14.75,16.54,53.92,7.43,3.8,10.16,9.0,40.62,72.51,24.38,14.75,0.0,0.0,0.0,0.0,0.0,19725.15,100
KPITTECH,20060.43,Technology,Software - Infrastructure,19.73,21.54,31.61,5.67,0.24,14.04,1.13,11.95,-33.37,18.71,24.76,0.0,0.0,0.0,0.0,0.0,30626.26,100
KAJARIACER,17153.63,Industrials,Building Products & Equipment,16.5,15.44,42.22,5.59,7.3,13.67,1.12,0.56,4.09,-7.92,13.53,0.0,0.0,0.0,0.0,0.0,19592.39,100
KPIL,21390.97,Industrials,Engineering & Construction,14.51,18.96,20.58,2.75,0.46,6.6,71.0,35.68,205.87,33.13,10.82,0.0,0.0,0.0,0.0,0.0,8884.92,100
KALYANKJIL,34163.05,Consumer Cyclical,Luxury Goods,24.31,25.38,25.37,5.41,0.97,6.06,44.0,66.22,118.28,46.09,16.85,0.0,0.0,0.0,0.0,0.0,11201.93,100
KARURVYSYA,26664.18,Financial Services,Banks - Regional,19.28,0.0,10.63,2.08,0.0,0.0,79.0,27.7,46.15,31.42,16.68,0.0,0.0,0.0,0.0,0.0,8736.29,73
KAYNES,20290.72,Technology,Electronic Components,9.57,9.04,55.65,4.37,0.19,11.21,0.0,87.94,37.26,56.36,8.44,0.0,0.0,0.0,0.0,0.0,10253.29,100
KEC,12995.88,Industrials,Engineering & Construction,10.52,20.44,21.45,2.11,0.87,6.22,1.11,-7.02,-28.11,50.96,9.66,0.0,0.0,0.0,0.0,0.0,14761.33,100
KFINTECH,13922.99,Technology,Software - Application,22.31,26.59,40.14,8.31,3.31,34.61,92.0,32.23,2.99,30.83,22.56,0.0,0.0,0.0,0.0,0.0,5845.84,100
KIRLOSENG,26137.86,Industrials,Specialty Industrial Machinery,16.82,17.85,46.01,7.22,1.5,15.42,36.0,20.97,21.03,20.0,16.23,0.0,0.0,0.0,0.0,0.0,5970.55,100
KOTAKBANK,391244.21,Financial Services,Banks - Regional,11.39,0.0,20.27,2.16,0.0,0.0,13.0,23.72,15.36,8.92,12.9,0.0,0.0,0.0,0.0,0.0,372731.33,73
KIMS,30626.63,Healthcare,Medical Care Facilities,9.72,7.96,126.93,13.65,1.66,11.31,0.0,34.85,-58.25,-10.46,13.38,0.0,0.0,0.0,0.0,0.0,12885.27,100
LTF,64365.02,Financial Services,Credit Services,11.12,0.0,21.64,2.44,3.93,0.0,1.06,8.07,28.77,22.46,10.27,0.0,0.0,0.0,0.0,0.0,25471.32,82
LTTS,34908.24,Technology,Information Technology Services,19.54,21.93,28.42,5.39,8.91,15.22,1.74,7.72,3.01,1.81,21.62,0.0,0.0,0.0,0.0,0.0,39409.69,100
LGEINDIA,103234.5,Technology,Consumer Electronics,24.72,23.77,61.33,13.46,5.99,10.48,0.0,83.22,196.73,0.0,21.98,0.0,0.0,0.0,0.0,0.0,0.0,82
LICHSGFIN,29477.88,Financial Services,Mortgage Finance,14.41,0.0,5.26,0.71,6.43,0.0,1.85,12.7,4.02,24.69,14.54,0.0,0.0,0.0,0.0,0.0,19356.68,82
LTFOODS,12992.47,Consumer Defensive,Packaged Foods,14.94,16.97,20.75,7.29,0.28,6.87,1.09,27.78,-5.29,15.81,15.62,0.0,0.0,0.0,0.0,0.0,4073.8,100
LTM,113393.44,Technology,Information Technology Services,21.29,23.88,22.61,4.72,9.58,15.14,1.9,16.88,28.28,4.41,21.31,0.0,0.0,0.0,0.0,0.0,138135.44,100
LT,531283.05,Industrials,Engineering & Construction,16.95,13.67,33.08,4.86,0.98,8.99,97.0,27.98,58.55,15.38,12.76,0.0,0.0,0.0,0.0,0.0,309851.22,100
LATENTVIEW,5918.05,Industrials,Consulting Services,12.17,10.56,29.92,3.37,1.86,19.77,0.0,26.68,25.91,8.43,11.33,0.0,0.0,0.0,0.0,0.0,6935.09,100
LAURUSLABS,75137.92,Healthcare,Drug Manufacturers - Specialty & Generic,17.74,19.0,84.34,14.17,0.46,23.18,17.0,21.54,202.43,4.0,9.35,0.0,0.0,0.0,0.0,0.0,18440.29,100
THELEELA,13580.4,Consumer Cyclical,Lodging,8.01,7.52,32.74,2.11,0.28,48.68,0.0,30.76,204.09,0.0,3.79,0.0,0.0,0.0,0.0,0.0,0.0,82
LEMONTREE,8209.88,Consumer Cyclical,Lodging,14.9,14.05,36.13,5.87,0.96,43.17,0.0,10.01,8.1,25.62,10.5,0.0,0.0,0.0,0.0,0.0,7340.43,100
LENSKART,86961.58,Healthcare,Medical Instruments & Supplies,6.65,5.92,173.19,13.24,0.35,9.97,0.0,50.75,10726.22,0.0,5.58,0.0,0.0,0.0,0.0,0.0,0.0,82
LICI,248698.92,Financial Services,Insurance - Life,42.36,0.0,8.66,2.04,0.0,0.0,2.53,35.99,113.17,16.86,39.91,0.0,0.0,0.0,0.0,0.0,183745.51,73
LINDEINDIA,57276.88,Basic Materials,Specialty Chemicals,13.58,14.7,104.72,14.99,0.0,18.25,6.0,1.4,-33.42,7.75,12.43,0.0,0.0,0.0,0.0,0.0,35581.28,91
LLOYDSME,94183.17,Basic Materials,Steel,36.95,19.23,25.0,6.79,1.45,38.71,6.0,406.94,603.14,0.0,30.85,0.0,0.0,0.0,0.0,0.0,31623.44,91
LODHA,86710.83,Real Estate,Real Estate - Development,15.71,16.44,25.37,3.72,0.42,27.62,49.0,15.44,6.72,91.69,12.37,0.0,0.0,0.0,0.0,0.0,60917.82,100
LUPIN,103942.68,Healthcare,Drug Manufacturers - Specialty & Generic,26.91,57.1,19.53,4.63,0.29,23.33,53.0,31.56,70.77,131.46,18.66,0.0,0.0,0.0,0.0,0.0,36889.69,100
MMTC,9460.5,Industrials,Conglomerates,20.27,-8.67,24.45,4.91,0.11,-18968.85,0.0,190.48,5552.02,-37.18,11.83,0.0,0.0,0.0,0.0,0.0,4785.0,100
MRF,52138.49,Consumer Cyclical,Auto Parts,12.29,13.71,21.47,2.49,0.15,10.73,19.0,13.7,37.56,46.67,11.39,0.0,0.0,0.0,0.0,0.0,41776.22,100
MGL,10480.32,Utilities,Utilities - Regulated Gas,13.63,14.82,12.46,1.63,3.46,7.49,2.78,11.08,-41.71,2.11,18.57,0.0,0.0,0.0,0.0,0.0,9430.38,100
M&MFIN,38309.76,Financial Services,Credit Services,11.86,0.0,13.22,1.44,4.28,0.0,2.71,27.19,2.23,11.26,10.28,0.0,0.0,0.0,0.0,0.0,37837.84,82
M&M,360336.72,Consumer Cyclical,Auto Manufacturers,18.75,14.58,19.74,3.6,1.25,14.74,1.12,32.38,46.75,18.48,14.89,0.0,0.0,0.0,0.0,0.0,161661.07,100
MANAPPURAM,27433.31,Financial Services,Credit Services,6.97,0.0,24.96,1.54,3.6,0.0,69.0,-7.31,43.22,-12.47,11.64,0.0,0.0,0.0,0.0,0.0,10638.54,82
MRPL,27287.96,Energy,Oil & Gas Refining & Marketing,14.17,18.52,14.18,1.92,1.08,5.8,2.44,9.51,-62.19,-10.17,13.69,0.0,0.0,0.0,0.0,0.0,10958.94,100
MANKIND,97991.55,Healthcare,Drug Manufacturers - Specialty & Generic,12.45,12.66,51.2,6.0,0.38,20.53,8.0,7.63,45.79,14.28,15.06,0.0,0.0,0.0,0.0,0.0,60880.52,100
MARICO,105069.46,Consumer Defensive,Household & Personal Products,41.39,35.59,59.57,24.77,0.12,13.83,49.0,22.09,13.99,10.61,37.64,0.0,0.0,0.0,0.0,0.0,67423.53,100
MARUTI,411804.47,Consumer Cyclical,Auto Manufacturers,14.43,13.09,28.06,3.84,0.1,8.55,1.07,40.11,-1.82,21.11,14.84,0.0,0.0,0.0,0.0,0.0,291530.51,100
MFSL,53649.79,Financial Services,Insurance - Life,1.63,0.0,650.87,19.6,0.13,-0.03,0.0,-12.73,-184.16,-39.46,4.73,0.0,0.0,0.0,0.0,0.0,23491.75,91
MAXHEALTH,98258.69,Healthcare,Medical Care Facilities,14.33,11.94,68.45,9.13,0.32,22.56,15.0,12.21,7.28,9.34,12.49,0.0,0.0,0.0,0.0,0.0,54918.31,100
MAZDOCK,94693.46,Industrials,Aerospace & Defense,28.77,18.69,36.72,9.71,4.48,13.51,81.0,22.48,-15.84,32.16,29.1,0.0,0.0,0.0,0.0,0.0,20525.42,100
MEESHO,77407.81,Consumer Cyclical,Internet Retail,-46.56,-34.43,83.7,17.73,1.43,-7.74,0.0,31.83,0.0,0.0,-106.11,0.0,0.0,0.0,0.0,0.0,0.0,73
MINDACORP,14895.99,Consumer Cyclical,Auto Parts,14.74,14.67,41.91,5.64,0.55,8.49,25.0,36.03,92.3,8.19,12.21,0.0,0.0,0.0,0.0,0.0,6439.71,100
MSUMI,24125.99,Consumer Cyclical,Auto Parts,32.39,35.31,38.7,11.26,0.11,6.51,2.94,45.83,19.52,8.68,34.22,0.0,0.0,0.0,0.0,0.0,24588.01,100
MOTILALOFS,50066.03,Financial Services,Capital Markets,15.55,15.32,25.29,3.87,1.64,56.81,1.31,-3.12,-49.47,24.07,21.71,0.0,0.0,0.0,0.0,0.0,38912.63,100
MPHASIS,43464.31,Technology,Information Technology Services,18.29,20.76,24.18,4.27,0.24,15.21,2.7,13.19,4.45,5.96,18.67,0.0,0.0,0.0,0.0,0.0,33705.81,100
MCX,70724.38,Financial Services,Financial Data & Stock Exchanges,37.88,36.22,53.31,16.81,0.11,72.79,22.0,194.96,231.02,107.53,27.5,0.0,0.0,0.0,0.0,0.0,7856.32,100
MUTHOOTFIN,116024.4,Financial Services,Credit Services,30.41,0.0,10.96,2.97,3.8,0.0,1.03,74.53,126.67,43.12,20.4,0.0,0.0,0.0,0.0,0.0,43924.69,82
NATCOPHARM,15084.63,Healthcare,Drug Manufacturers - Specialty & Generic,16.85,13.09,10.63,1.74,7.74,10.45,76.0,-39.47,-34.11,25.64,21.29,0.0,0.0,0.0,0.0,0.0,10904.28,100
NBCC,27140.4,Industrials,Engineering & Construction,25.23,21.59,37.65,9.04,0.01,8.34,66.0,-1.81,37.22,39.25,19.77,0.0,0.0,0.0,0.0,0.0,7332.5,100
NCC,9105.66,Industrials,Engineering & Construction,9.32,16.55,13.49,1.16,0.43,7.79,1.52,16.62,6.65,3.49,9.92,0.0,0.0,0.0,0.0,0.0,7479.77,100
NHPC,72454.83,Utilities,Utilities - Renewable,9.02,3.08,26.04,1.75,1.13,19.67,2.63,23.12,531.48,-1.19,7.55,0.0,0.0,0.0,0.0,0.0,42047.18,100
NLCINDIA,43034.27,Utilities,Utilities - Regulated Electric,15.97,5.87,12.22,2.0,0.82,21.41,2.33,14.3,108.57,36.15,11.82,0.0,0.0,0.0,0.0,0.0,13280.25,100
NMDC,77781.2,Basic Materials,Steel,23.36,24.25,10.45,2.28,0.19,21.97,3.96,72.71,7.72,9.97,21.87,0.0,0.0,0.0,0.0,0.0,27714.16,100
NSLNISP,13337.19,Basic Materials,Steel,0.45,2.97,227.55,1.01,0.35,14.34,0.0,36.67,0.0,0.0,-9.24,0.0,0.0,0.0,0.0,0.0,13011.89,82
NTPCGREEN,81794.38,Utilities,Utilities - Renewable,2.76,2.53,156.56,4.39,1.65,50.06,0.0,80.69,200.34,45.06,3.6,0.0,0.0,0.0,0.0,0.0,0.0,91
NTPC,341177.22,Utilities,Utilities - Regulated Electric,13.69,8.08,11.56,1.68,1.18,20.5,3.23,10.25,107.14,16.95,12.56,0.0,0.0,0.0,0.0,0.0,166049.69,100
NH,37746.1,Healthcare,Medical Care Facilities,19.84,10.98,46.64,8.32,1.29,13.73,24.0,75.8,13.52,9.94,22.29,0.0,0.0,0.0,0.0,0.0,18832.07,100
NATIONALUM,68065.58,Basic Materials,Aluminum,29.42,35.49,11.08,3.15,0.28,42.15,2.13,1.47,1.84,21.3,18.11,0.0,0.0,0.0,0.0,0.0,13773.72,100
NAVA,16016.46,Industrials,Conglomerates,10.31,9.74,20.34,1.98,0.21,24.54,1.58,12.24,-45.76,-5.35,10.08,0.0,0.0,0.0,0.0,0.0,3942.67,100
NAVINFLUOR,36705.36,Basic Materials,Chemicals,20.11,17.56,54.9,9.23,0.32,29.85,21.0,54.69,154.33,20.93,13.01,0.0,0.0,0.0,0.0,0.0,22396.79,100
NESTLEIND,274302.71,Consumer Defensive,Packaged Foods,76.34,0.0,78.5,53.19,8.62,18.21,83.0,11.21,11.0,23.05,95.34,0.0,0.0,0.0,0.0,0.0,208781.73,91
NETWEB,23866.12,Technology,Computer Hardware,32.83,36.71,114.8,32.91,0.39,11.99,6.0,131.65,137.55,63.68,22.62,0.0,0.0,0.0,0.0,0.0,5173.04,100
NEULANDLAB,21776.17,Healthcare,Drug Manufacturers - Specialty & Generic,0.0,21.75,59.98,11.62,0.16,36.36,20.0,136.4,664.85,30.57,19.96,0.0,0.0,0.0,0.0,0.0,3783.78,91
NEWGEN,6426.29,Technology,Software - Infrastructure,18.25,21.31,21.57,3.6,2.21,24.28,1.27,10.83,-10.69,24.28,19.79,0.0,0.0,0.0,0.0,0.0,4544.03,100
NAM-INDIA,66504.38,Financial Services,Asset Management,34.48,34.43,44.01,14.24,1.62,67.0,2.03,25.66,30.25,28.35,30.39,0.0,0.0,0.0,0.0,0.0,14238.06,100
NIVABUPA,15330.84,Financial Services,Insurance - Life,10.65,0.0,116.86,4.28,9.88,0.0,0.0,69.99,2506.72,118.48,3.64,0.0,0.0,0.0,0.0,0.0,0.0,73
NUVAMA,27536.45,Financial Services,Asset Management,27.32,-0.02,26.96,6.67,2.82,-3.12,1.84,25.0,6.76,50.55,25.02,0.0,0.0,0.0,0.0,0.0,9052.6,100
NUVOCO,10761.11,Basic Materials,Building Materials,3.74,6.49,29.92,1.05,0.48,10.88,0.0,37.25,0.0,183.08,1.8,0.0,0.0,0.0,0.0,0.0,12679.04,91
OBEROIRLTY,57547.33,Real Estate,Real Estate - Development,14.91,15.37,22.96,3.44,0.16,52.99,50.0,24.01,13.73,9.6,14.03,0.0,0.0,0.0,0.0,0.0,34386.59,100
ONGC,317777.85,Energy,Oil & Gas Integrated,12.7,21.52,7.67,0.85,0.43,22.81,7.34,3.61,45.6,4.11,11.15,0.0,0.0,0.0,0.0,0.0,167680.93,100
OIL,69838.41,Energy,Oil & Gas Integrated,12.74,7.26,10.55,1.2,0.59,27.78,4.45,5.51,60.26,-8.81,11.46,0.0,0.0,0.0,0.0,0.0,25067.05,100
OLAELEC,20122.67,Consumer Cyclical,Auto Manufacturers,-43.16,-33.93,-14.23,6.01,0.82,-172.83,0.0,-74.64,0.0,0.0,-59.14,0.0,0.0,0.0,0.0,0.0,0.0,73
OLECTRA,10279.79,Industrials,Farm & Heavy Construction Machinery,0.0,19.44,58.06,8.38,0.31,13.75,3.0,43.62,164.36,39.35,11.99,0.0,0.0,0.0,0.0,0.0,6935.17,91
PAYTM,65512.88,Technology,Software - Infrastructure,3.56,-0.26,119.94,4.09,1.07,0.0,0.0,23.85,0.0,0.0,-3.87,0.0,0.0,0.0,0.0,0.0,52004.97,73
ONESOURCE,18932.61,Healthcare,Biotechnology,-1.26,0.37,20.39,3.25,0.26,4.69,0.0,0.53,-95.33,0.0,-33.47,0.0,0.0,0.0,0.0,0.0,0.0,82
OFSS,80669.46,Technology,Software - Infrastructure,32.61,40.06,30.67,10.3,0.41,50.4,7.02,20.41,55.5,13.48,30.14,0.0,0.0,0.0,0.0,0.0,28152.48,100
POLICYBZR,69500.36,Financial Services,Insurance Brokers,9.74,4.84,102.75,9.51,4.92,8.9,0.0,59.59,265.19,0.0,5.25,0.0,0.0,0.0,0.0,0.0,28205.36,91
PCBL,10928.42,Basic Materials,Specialty Chemicals,5.12,8.7,54.04,2.74,1.24,7.22,2.09,2.79,-56.74,-23.49,10.58,0.0,0.0,0.0,0.0,0.0,5402.34,100
PGEL,13103.51,Technology,Electronic Components,6.69,8.91,66.52,4.3,0.2,5.54,5.0,-10.12,-55.34,36.39,9.87,0.0,0.0,0.0,0.0,0.0,4736.18,100
PIIND,42495.11,Basic Materials,Agricultural Inputs,12.35,11.36,32.18,3.78,3.05,15.24,53.0,-12.42,-39.43,2.42,15.79,0.0,0.0,0.0,0.0,0.0,56063.41,100
PNBHOUSING,24857.67,Financial Services,Mortgage Finance,12.7,0.0,10.86,1.29,2.77,0.0,52.0,17.85,35.7,29.87,11.16,0.0,0.0,0.0,0.0,0.0,14497.01,82
PTCIL,27256.45,Industrials,Metal Fabrication,7.02,5.61,271.91,19.24,0.17,27.93,0.0,84.93,143.8,57.86,5.89,0.0,0.0,0.0,0.0,0.0,5523.48,100
PVRINOX,9281.37,Communication Services,Entertainment,2.44,6.22,52.51,1.26,0.92,7.84,0.0,-9.9,420.06,0.0,0.04,0.0,0.0,0.0,0.0,0.0,14153.07,91
PAGEIND,42094.72,Consumer Cyclical,Apparel Manufacturing,52.5,59.83,55.24,28.01,0.18,18.56,1.58,14.07,8.98,10.17,46.1,0.0,0.0,0.0,0.0,0.0,40696.66,100
PARADEEP,12614.81,Basic Materials,Agricultural Inputs,18.36,21.78,12.66,1.86,1.02,6.73,81.0,-5.76,-25.67,48.51,11.24,0.0,0.0,0.0,0.0,0.0,5749.27,100
PATANJALI,45593.04,Consumer Defensive,Packaged Foods,14.83,11.44,25.16,3.48,0.21,3.44,83.0,23.99,41.28,26.97,10.93,0.0,0.0,0.0,0.0,0.0,36253.58,100
PERSISTENT,76147.01,Technology,Information Technology Services,26.35,28.31,41.04,9.73,6.09,16.25,89.0,32.45,41.9,26.51,22.67,0.0,0.0,0.0,0.0,0.0,38155.01,100
PETRONET,39457.5,Energy,Oil & Gas Refining & Marketing,18.56,17.67,10.09,1.77,0.11,12.28,3.73,-23.33,25.19,5.56,19.51,0.0,0.0,0.0,0.0,0.0,30000.08,100
PFIZER,20919.98,Healthcare,Drug Manufacturers - General,17.16,19.71,28.96,4.98,1.67,35.15,1.65,6.31,-39.62,5.01,16.91,0.0,0.0,0.0,0.0,0.0,17041.8,100
PHOENIXLTD,61971.94,Real Estate,Real Estate - Diversified,11.06,11.15,49.57,5.64,0.37,53.54,14.0,26.46,52.34,-2.86,8.18,0.0,0.0,0.0,0.0,0.0,28279.85,100
PWL,30298.44,Consumer Defensive,Education & Training Services,-0.79,-0.97,51.32,6.75,0.23,-10.48,0.0,13.48,-181.71,0.0,-7.19,0.0,0.0,0.0,0.0,0.0,0.0,82
PIDILITIND,152544.18,Basic Materials,Specialty Chemicals,23.52,26.37,62.58,14.09,3.78,20.53,66.0,6.37,4.86,24.36,21.03,0.0,0.0,0.0,0.0,0.0,132238.29,100
PINELABS,16670.68,Technology,Software - Infrastructure,2.39,2.28,142.33,2.81,7.47,7.4,0.0,16.43,0.0,0.0,-3.96,0.0,0.0,0.0,0.0,0.0,0.0,73
PIRAMALFIN,44075.48,Financial Services,Credit Services,6.72,1.19,29.53,1.57,2.84,8.3,55.0,30.16,1199.12,0.0,-343.13,0.0,0.0,0.0,0.0,0.0,0.0,82
PPLPHARMA,21403.32,Healthcare,Drug Manufacturers - Specialty & Generic,-4.0,0.68,37.24,2.49,0.7,8.8,9.0,24.84,-339.67,0.0,-0.88,0.0,0.0,0.0,0.0,0.0,11458.06,91
POLYMED,15007.8,Healthcare,Medical Instruments & Supplies,10.85,9.78,46.58,4.83,0.11,13.5,25.0,21.25,-29.18,22.71,13.44,0.0,0.0,0.0,0.0,0.0,9927.15,100
POLYCAB,141095.94,Industrials,Electrical Equipment & Parts,24.58,29.7,52.91,11.75,2.56,12.0,49.0,72.47,68.89,28.11,21.35,0.0,0.0,0.0,0.0,0.0,52370.16,100
POONAWALLA,32617.96,Financial Services,Credit Services,5.85,2.82,54.7,2.91,4.7,29.85,0.0,92.94,1260.33,-7.47,8.21,0.0,0.0,0.0,0.0,0.0,29714.67,100
PFC,136475.71,Financial Services,Credit Services,20.47,0.0,5.27,1.03,5.86,0.0,3.39,-10.26,10.81,17.69,14.82,0.0,0.0,0.0,0.0,0.0,46826.77,82
POWERGRID,266601.81,Utilities,Utilities - Regulated Electric,16.49,10.36,14.26,2.65,1.51,49.47,4.27,3.85,17.73,1.09,16.82,0.0,0.0,0.0,0.0,0.0,149282.64,100
PREMIERENE,47747.17,Technology,Solar,42.33,25.18,31.41,11.06,0.86,26.71,14.0,30.17,78.99,0.0,34.43,0.0,0.0,0.0,0.0,0.0,0.0,82
PRESTIGE,57084.68,Real Estate,Real Estate - Diversified,8.0,10.98,47.74,3.51,1.05,19.83,14.0,166.54,900.4,8.28,7.24,0.0,0.0,0.0,0.0,0.0,24103.99,100
PNB,122020.57,Financial Services,Banks - Regional,12.98,0.0,6.64,0.81,0.0,0.0,2.8,0.76,16.47,76.44,11.41,0.0,0.0,0.0,0.0,0.0,56180.27,73
RRKABEL,24069.98,Industrials,Electrical Equipment & Parts,20.83,25.26,48.84,9.35,0.13,7.94,51.0,66.32,144.92,37.37,16.63,0.0,0.0,0.0,0.0,0.0,13405.99,100
RBLBANK,22243.49,Financial Services,Banks - Regional,0.0,0.0,25.47,1.33,0.0,0.0,33.0,3.14,416.53,-1.49,6.11,0.0,0.0,0.0,0.0,0.0,10836.42,64
RECLTD,88700.15,Financial Services,Credit Services,19.96,0.0,5.45,1.06,6.07,0.0,6.65,0.09,-17.2,13.45,19.95,0.0,0.0,0.0,0.0,0.0,34843.01,82
RHIM,7396.88,Industrials,Metal Fabrication,-10.13,6.24,19.5,1.85,0.13,3.88,68.0,1.56,-1531.95,0.0,-2.77,0.0,0.0,0.0,0.0,0.0,13534.96,91
RITES,9636.59,Industrials,Engineering & Construction,16.4,14.97,23.48,3.6,0.24,19.74,3.75,27.56,-2.06,-8.87,15.14,0.0,0.0,0.0,0.0,0.0,8214.24,100
RADICO,46204.98,Consumer Defensive,Beverages - Wineries & Distilleries,0.0,23.98,76.33,13.92,0.21,16.11,15.0,16.19,87.94,39.99,13.84,0.0,0.0,0.0,0.0,0.0,15866.25,91
RVNL,46327.06,Industrials,Engineering & Construction,8.98,5.02,52.9,4.87,0.49,3.87,1.19,4.18,-58.92,-13.29,13.35,0.0,0.0,0.0,0.0,0.0,25443.2,100
RAILTEL,9451.64,Communication Services,Telecom Services,16.25,15.81,29.75,4.18,2.82,9.25,1.27,8.29,-14.1,12.79,13.29,0.0,0.0,0.0,0.0,0.0,4089.16,100
RAINBOW,13591.96,Healthcare,Medical Care Facilities,17.94,15.19,48.99,8.25,0.54,22.56,26.0,24.26,36.76,9.7,16.8,0.0,0.0,0.0,0.0,0.0,9390.38,100
RKFORGE,10215.36,Industrials,Metal Fabrication,2.27,6.14,142.27,3.09,0.74,9.84,36.0,28.46,-72.01,-33.86,8.97,0.0,0.0,0.0,0.0,0.0,6959.33,100
REDINGTON,18062.11,Technology,Information Technology Services,13.09,18.78,12.12,1.78,0.27,1.7,2.61,24.32,-2.25,2.29,15.75,0.0,0.0,0.0,0.0,0.0,13453.85,100
RELIANCE,1709151.3,Energy,Oil & Gas Refining & Marketing,9.14,7.42,21.17,1.89,0.37,9.98,48.0,22.53,-8.46,6.59,7.29,0.0,0.0,0.0,0.0,0.0,1527527.91,100
RPOWER,10637.2,Utilities,Utilities - Independent Power Producers,-2.08,4.93,5.7,0.66,0.92,19.66,0.0,-4.59,-493.41,0.0,-0.62,0.0,0.0,0.0,0.0,0.0,6555.2,91
SBFC,9943.88,Financial Services,Credit Services,13.04,6.46,21.92,2.64,1.92,44.17,0.0,39.75,39.38,44.4,10.49,0.0,0.0,0.0,0.0,0.0,10202.82,100
SBICARD,54075.2,Financial Services,Credit Services,14.69,0.0,24.97,3.44,2.8,0.0,43.0,7.11,58.99,-1.37,15.87,0.0,0.0,0.0,0.0,0.0,87092.47,82
SBILIFE,172455.22,Financial Services,Insurance - Life,13.7,0.0,70.02,9.04,0.0,0.0,16.0,-78.29,46.08,12.81,13.28,0.0,0.0,0.0,0.0,0.0,123652.52,73
SJVN,27634.32,Utilities,Utilities - Renewable,4.51,5.4,43.14,1.9,2.27,27.75,2.03,196.68,0.0,-22.12,5.59,0.0,0.0,0.0,0.0,0.0,14181.42,91
SRF,78796.57,Industrials,Conglomerates,13.76,15.71,43.02,5.61,0.36,20.57,37.0,33.03,114.7,-5.32,11.54,0.0,0.0,0.0,0.0,0.0,68672.58,100
SAGILITY,18378.9,Healthcare,Health Information Services,10.28,11.89,19.83,2.09,0.11,17.81,25.0,39.31,18.82,86.06,6.53,0.0,0.0,0.0,0.0,0.0,0.0,91
SAILIFE,25055.08,Healthcare,Diagnostics & Research,15.13,16.63,72.02,10.06,0.12,21.8,0.0,36.92,93.56,226.89,10.18,0.0,0.0,0.0,0.0,0.0,0.0,91
SAMMAANCAP,19249.35,Financial Services,Mortgage Finance,-35.01,6.13,0.0,0.72,2.73,71.63,0.0,-40.78,-2778.68,0.0,-13.26,0.0,0.0,0.0,0.0,0.0,10957.32,82
MOTHERSON,148216.55,Consumer Cyclical,Auto Parts,10.11,11.04,38.56,4.02,0.44,7.13,35.0,16.83,42.52,37.17,9.57,0.0,0.0,0.0,0.0,0.0,57607.73,100
SAPPHIRE,5370.46,Consumer Cyclical,Restaurants,-2.3,3.0,66.73,3.88,1.02,2.96,0.0,4.72,-205.18,0.0,1.01,0.0,0.0,0.0,0.0,0.0,8655.93,91
SARDAEN,18397.83,Basic Materials,Steel,16.0,13.92,16.62,2.5,0.35,20.9,29.0,0.85,45.9,22.46,12.94,0.0,0.0,0.0,0.0,0.0,4791.32,100
SAREGAMA,8682.33,Communication Services,Entertainment,12.57,14.09,42.15,5.22,4.28,33.85,2.05,-40.54,20.99,3.76,12.84,0.0,0.0,0.0,0.0,0.0,5666.47,100
SCHAEFFLER,60336.34,Consumer Cyclical,Auto Parts,0.0,23.3,49.62,9.98,0.9,15.0,87.0,21.05,33.21,9.37,18.44,0.0,0.0,0.0,0.0,0.0,48278.46,91
SCHNEIDER,26045.6,Industrials,Electrical Equipment & Parts,31.81,24.66,122.67,39.54,0.71,5.97,0.0,0.48,-59.77,19.8,44.4,0.0,0.0,0.0,0.0,0.0,5981.19,100
SCI,13370.76,Industrials,Marine Shipping,0.0,10.05,9.88,1.57,0.29,21.47,4.55,14.19,118.54,15.85,11.34,0.0,0.0,0.0,0.0,0.0,4595.99,91
SHREECEM,85511.37,Basic Materials,Building Materials,0.0,7.53,48.95,9.28,0.38,10.19,67.0,33.42,171.81,11.12,8.08,0.0,0.0,0.0,0.0,0.0,91830.14,91
SHRIRAMFIN,208527.11,Financial Services,Credit Services,16.38,0.0,16.66,2.53,2.75,0.0,1.54,22.63,-6.96,18.59,15.65,0.0,0.0,0.0,0.0,0.0,64627.5,82
SHYAMMETL,26978.47,Basic Materials,Steel,8.97,11.41,25.53,2.46,8.13,9.16,46.0,26.34,45.87,7.87,8.91,0.0,0.0,0.0,0.0,0.0,8850.45,100
ENRIN,121526.13,Utilities,Utilities - Renewable,0.0,27.44,93.11,25.26,4.48,28.17,12.0,27.38,52.21,0.0,21.88,0.0,0.0,0.0,0.0,0.0,0.0,73
SIEMENS,125425.64,Industrials,Specialty Industrial Machinery,0.0,12.37,74.48,9.06,2.21,8.02,39.0,14.6,-36.41,10.9,16.18,0.0,0.0,0.0,0.0,0.0,75906.18,91
SIGNATURE,10928.22,Real Estate,Real Estate - Development,84.88,-2.11,9.99,15.03,1.61,4.32,0.0,112.76,1786.26,0.0,25.2,0.0,0.0,0.0,0.0,0.0,6443.12,91
SOBHA,13639.82,Real Estate,Real Estate - Development,4.17,3.89,70.73,2.89,0.22,6.22,46.0,62.39,323.5,22.89,2.71,0.0,0.0,0.0,0.0,0.0,5712.43,100
SOLARINDS,155109.01,Basic Materials,Specialty Chemicals,31.33,27.99,92.25,24.71,0.23,24.72,6.0,40.9,69.95,30.36,25.56,0.0,0.0,0.0,0.0,0.0,35078.97,100
SONACOMS,36394.88,Consumer Cyclical,Auto Parts,10.69,12.16,56.75,6.37,7.21,17.62,61.0,44.89,26.93,17.43,13.19,0.0,0.0,0.0,0.0,0.0,32324.24,100
SONATSOFTW,7054.11,Technology,Information Technology Services,25.72,25.91,15.23,3.71,0.38,7.23,3.12,-3.1,21.36,0.91,23.74,0.0,0.0,0.0,0.0,0.0,13490.22,100
STARHEALTH,30594.04,Financial Services,Insurance - Life,0.0,0.0,54.79,4.02,0.0,0.0,0.0,12.09,-48.25,-3.44,9.67,0.0,0.0,0.0,0.0,0.0,29955.62,64
SBIN,923707.9,Financial Services,Banks - Regional,15.48,0.0,10.97,1.56,0.0,0.0,1.73,11.79,4.19,14.39,14.83,0.0,0.0,0.0,0.0,0.0,505861.56,73
SAIL,74911.21,Basic Materials,Steel,0.0,6.52,22.17,1.29,0.58,9.19,88.0,25.82,1193.59,15.72,5.0,0.0,0.0,0.0,0.0,0.0,33383.72,91
SUMICHEM,22386.69,Basic Materials,Agricultural Inputs,17.24,17.26,41.26,7.0,1.86,17.15,26.0,6.52,27.92,2.64,16.17,0.0,0.0,0.0,0.0,0.0,19631.47,100
SUNPHARMA,430488.66,Healthcare,Drug Manufacturers - Specialty & Generic,14.72,15.73,37.47,5.16,5.52,18.9,92.0,8.36,-6.52,10.65,14.34,0.0,0.0,0.0,0.0,0.0,229879.25,100
SUNTV,19759.4,Communication Services,Broadcasting,11.85,11.69,13.72,1.6,0.84,33.17,99.0,-6.3,-37.43,-5.51,14.75,0.0,0.0,0.0,0.0,0.0,16330.2,100
SUNDARMFIN,45322.9,Financial Services,Credit Services,14.66,0.0,22.04,3.0,4.08,0.0,95.0,23.54,21.67,15.75,13.68,0.0,0.0,0.0,0.0,0.0,27984.33,82
SUPREMEIND,43764.43,Industrials,Building Products & Equipment,16.13,18.12,45.92,7.09,1.47,14.22,1.03,40.55,131.89,3.3,17.79,0.0,0.0,0.0,0.0,0.0,36023.13,100
SPLPETRO,12546.12,Basic Materials,Specialty Chemicals,14.32,16.82,37.97,5.65,5.61,14.19,1.55,14.75,136.23,-12.89,16.17,0.0,0.0,0.0,0.0,0.0,6760.54,100
SUZLON,73210.1,Industrials,Specialty Industrial Machinery,40.64,25.69,23.07,9.33,5.87,16.42,0.0,84.18,188.01,3.55,28.07,0.0,0.0,0.0,0.0,0.0,21019.23,100
SWANCORP,9793.96,Industrials,Conglomerates,2.99,-2.99,36.08,0.85,0.25,-33.72,5.0,1.62,0.0,0.0,5.07,0.0,0.0,0.0,0.0,0.0,7378.18,82
SWIGGY,62597.43,Consumer Cyclical,Internet Retail,-29.12,-21.85,-120.42,3.14,0.14,-15.81,0.0,59.85,0.0,0.0,-27.78,0.0,0.0,0.0,0.0,0.0,0.0,73
SYNGENE,18000.92,Healthcare,Diagnostics & Research,6.62,9.57,56.92,3.72,9.47,20.55,27.0,9.83,12.81,-11.98,9.67,0.0,0.0,0.0,0.0,0.0,29410.75,100
SYRMA,23800.74,Technology,Electronic Components,14.14,13.83,73.03,8.26,0.13,10.43,12.0,58.49,54.64,38.61,8.69,0.0,0.0,0.0,0.0,0.0,7693.8,100
TBOTEK,13407.8,Consumer Cyclical,Travel Services,17.79,13.0,55.26,9.68,0.49,9.26,0.0,92.89,20.26,19.2,24.03,0.0,0.0,0.0,0.0,0.0,15017.04,100
TVSMOTOR,156225.87,Consumer Cyclical,Auto Manufacturers,31.62,29.14,51.61,19.25,3.06,12.44,36.0,36.41,36.3,31.46,24.77,0.0,0.0,0.0,0.0,0.0,62928.79,100
TATACAP,135503.43,Financial Services,Credit Services,12.01,2.01,27.33,3.56,5.02,23.36,0.0,15.09,39.65,0.0,10.29,0.0,0.0,0.0,0.0,0.0,0.0,82
TATACHEM,18882.54,Basic Materials,Chemicals,-7.68,1.88,21.98,0.85,0.36,-2.01,1.53,-4.23,0.0,0.0,-2.12,0.0,0.0,0.0,0.0,0.0,23745.1,82
TATACOMM,56031.0,Communication Services,Telecom Services,31.13,13.87,53.72,19.68,3.35,8.44,88.0,13.04,11.57,-17.69,47.41,0.0,0.0,0.0,0.0,0.0,40591.42,100
TCS,772678.77,Technology,Information Technology Services,48.4,55.18,15.71,6.81,0.1,25.28,5.76,10.51,10.81,5.3,48.78,0.0,0.0,0.0,0.0,0.0,1065935.44,100
TATACONSUM,109711.35,Consumer Defensive,Packaged Foods,6.94,7.81,70.97,5.4,0.12,11.54,90.0,22.28,50.27,8.61,6.41,0.0,0.0,0.0,0.0,0.0,77468.2,100
TATAELXSI,24975.52,Technology,Software - Application,21.3,24.3,39.66,8.21,5.34,22.27,1.83,5.81,10.73,-5.94,26.58,0.0,0.0,0.0,0.0,0.0,46730.27,100
TATAINVEST,32160.9,Financial Services,Asset Management,1.44,0.0,74.09,1.1,0.01,0.0,52.0,131.01,225.5,19.86,1.26,0.0,0.0,0.0,0.0,0.0,11774.82,82
TMCV,131961.99,Consumer Cyclical,Auto Manufacturers,26.05,34.04,43.44,10.36,0.44,9.74,1.1,38.92,32.32,-69.25,29.52,0.0,0.0,0.0,0.0,0.0,0.0,91
TMPV,138422.75,Consumer Cyclical,Auto Manufacturers,-1.12,-14.39,6.91,1.23,0.65,-1.31,79.0,7.21,-31.72,224.36,41.91,0.0,0.0,0.0,0.0,0.0,204070.31,100
TATAPOWER,124698.13,Utilities,Utilities - Independent Power Producers,11.34,6.1,33.3,3.16,1.68,8.85,63.0,-12.84,-4.5,3.95,8.95,0.0,0.0,0.0,0.0,0.0,69864.39,100
TATASTEEL,246892.7,Basic Materials,Steel,11.16,10.96,22.89,2.6,0.89,10.47,2.01,12.53,124.92,7.21,3.11,0.0,0.0,0.0,0.0,0.0,126684.05,100
TATATECH,29700.66,Technology,Information Technology Services,14.57,14.02,54.18,8.32,0.24,13.06,1.1,19.34,21.07,-4.32,17.98,0.0,0.0,0.0,0.0,0.0,51988.58,100
TTML,8240.02,Communication Services,Telecom Services,0.0,0.0,0.0,-0.41,0.0,43.74,0.0,-11.19,0.0,0.0,0.0,0.0,0.0,0.0,0.0,0.0,15893.56,36
TECHM,129766.61,Technology,Information Technology Services,16.61,20.51,27.07,4.39,7.27,13.82,3.45,13.48,37.69,-0.14,13.33,0.0,0.0,0.0,0.0,0.0,86789.5,100
TECHNOE,11740.44,Industrials,Engineering & Construction,11.36,9.58,26.17,2.82,1.74,12.77,91.0,23.81,-14.95,36.37,11.71,0.0,0.0,0.0,0.0,0.0,4174.31,100
TEGA,12682.31,Industrials,Specialty Industrial Machinery,5.94,3.79,82.27,3.75,0.12,6.63,12.0,-1.74,-58.13,-8.14,11.59,0.0,0.0,0.0,0.0,0.0,7093.51,100
TEJASNET,10179.21,Technology,Communication Equipment,-26.82,-29.37,0.0,3.48,1.43,-65.9,45.0,-86.69,-227.57,0.0,-5.8,0.0,0.0,0.0,0.0,0.0,12571.0,82
TENNIND,22634.13,Consumer Cyclical,Auto Parts,42.97,61.92,37.44,18.89,4.29,14.73,0.0,37.98,33.05,16.57,42.32,0.0,0.0,0.0,0.0,0.0,0.0,91
NIACL,24214.06,Financial Services,Insurance - Diversified,3.42,0.0,17.12,0.63,0.0,0.0,1.0,7.78,61.19,10.45,3.86,0.0,0.0,0.0,0.0,0.0,18895.11,73
RAMCOCEM,20108.48,Basic Materials,Building Materials,9.0,5.68,28.8,2.48,0.48,7.0,29.0,31.61,-17.38,30.48,5.76,0.0,0.0,0.0,0.0,0.0,22000.67,100
THERMAX,51495.09,Industrials,Conglomerates,13.69,30.25,71.54,9.28,0.42,22.45,30.0,12.53,18.74,16.96,13.43,0.0,0.0,0.0,0.0,0.0,25914.98,100
TIMKEN,26413.06,Industrials,Tools & Accessories,14.41,17.52,63.82,9.06,0.5,19.47,1.01,59.48,102.42,2.02,15.57,0.0,0.0,0.0,0.0,0.0,25834.21,100
TITAGARH,11079.61,Industrials,Railroads,4.92,10.48,91.41,4.55,0.25,9.48,12.0,-12.94,0.0,-1.88,7.15,0.0,0.0,0.0,0.0,0.0,5585.79,91
TITAN,357053.44,Consumer Cyclical,Luxury Goods,37.13,36.25,70.63,22.76,1.95,8.21,27.0,17.42,12.61,16.0,32.74,0.0,0.0,0.0,0.0,0.0,250644.42,100
TORNTPHARM,154744.04,Healthcare,Drug Manufacturers - Specialty & Generic,16.99,9.56,71.63,18.33,0.85,20.54,85.0,41.9,-21.89,20.22,20.55,0.0,0.0,0.0,0.0,0.0,59138.26,100
TORNTPOWER,69352.25,Utilities,Utilities - Independent Power Producers,13.02,11.07,28.68,3.64,0.71,11.37,1.43,-0.78,-69.97,4.5,14.41,0.0,0.0,0.0,0.0,0.0,32960.79,100
TARIL,9019.98,Industrials,Electrical Equipment & Parts,19.33,21.61,34.07,6.7,0.3,14.24,6.0,15.7,-5.18,86.53,13.96,0.0,0.0,0.0,0.0,0.0,1238.14,100
TRAVELFOOD,16017.49,Consumer Cyclical,Restaurants,35.7,31.58,36.46,11.11,0.17,31.84,0.0,12.12,23.59,21.84,32.16,0.0,0.0,0.0,0.0,0.0,0.0,91
TRENT,144553.93,Consumer Cyclical,Apparel Retail,27.13,27.92,84.11,13.8,0.36,10.95,15.0,19.23,25.83,56.97,29.38,0.0,0.0,0.0,0.0,0.0,84981.26,100
TRIDENT,12010.29,Consumer Cyclical,Textile Manufacturing,8.03,9.57,31.85,2.58,0.38,10.57,4.19,-12.43,-23.47,-5.06,8.0,0.0,0.0,0.0,0.0,0.0,16289.16,100
TRITURBINE,20367.53,Industrials,Specialty Industrial Machinery,26.22,27.91,58.14,14.07,2.48,17.51,61.0,26.32,8.52,22.01,27.16,0.0,0.0,0.0,0.0,0.0,12522.6,100
TIINDIA,57590.59,Industrials,Conglomerates,0.0,10.79,90.79,7.65,0.28,6.89,16.0,28.56,-55.86,-12.65,10.37,0.0,0.0,0.0,0.0,0.0,54782.49,91
UCOBANK,31499.37,Financial Services,Banks - Regional,8.63,0.0,11.37,0.95,0.0,0.0,1.71,-23.88,22.79,14.87,7.45,0.0,0.0,0.0,0.0,0.0,32573.99,73
UNOMINDA,61631.97,Consumer Cyclical,Auto Parts,19.2,17.78,51.44,9.87,0.38,7.7,25.0,17.85,22.39,22.35,16.42,0.0,0.0,0.0,0.0,0.0,32048.28,100
UPL,50188.75,Basic Materials,Agricultural Inputs,5.61,11.73,26.63,1.44,0.57,16.97,98.0,68.1,28.14,-18.65,1.12,0.0,0.0,0.0,0.0,0.0,55892.22,100
UTIAMC,11752.17,Financial Services,Asset Management,9.78,12.26,29.08,2.67,3.13,35.76,2.8,-0.14,-144.27,-2.6,12.85,0.0,0.0,0.0,0.0,0.0,8286.22,100
ULTRACEMCO,318585.7,Basic Materials,Building Materials,10.59,11.51,39.09,4.42,0.29,17.02,71.0,45.11,119.41,17.26,9.97,0.0,0.0,0.0,0.0,0.0,237161.98,100
UNIONBANK,125603.35,Financial Services,Banks - Regional,15.71,0.0,6.47,0.94,0.0,0.0,3.0,12.05,19.05,31.67,14.84,0.0,0.0,0.0,0.0,0.0,49896.35,73
UBL,34919.99,Consumer Defensive,Beverages - Brewers,9.29,11.45,84.34,8.04,0.29,2.81,75.0,12.49,165.05,10.77,9.68,0.0,0.0,0.0,0.0,0.0,38614.95,100
UNITDSPR,91492.53,Consumer Defensive,Beverages - Wineries & Distilleries,20.03,21.42,52.28,10.63,4.61,16.93,1.35,-11.04,60.9,17.36,19.94,0.0,0.0,0.0,0.0,0.0,62731.86,100
URBANCO,17981.9,Technology,Software - Application,-11.92,-11.25,-589.07,8.05,6.33,-30.08,0.0,47.8,-169.51,0.0,-1.59,0.0,0.0,0.0,0.0,0.0,0.0,82
USHAMART,14614.26,Basic Materials,Steel,16.23,16.74,29.82,4.43,6.92,18.41,62.0,13.8,59.66,10.0,15.57,0.0,0.0,0.0,0.0,0.0,8065.47,100
VTL,17774.92,Consumer Cyclical,Textile Manufacturing,7.33,6.35,23.46,1.72,0.18,6.86,82.0,1.33,-12.3,-2.14,7.59,0.0,0.0,0.0,0.0,0.0,10050.58,100
VBL,175845.58,Consumer Defensive,Beverages - Non-Alcoholic,0.0,17.96,55.19,8.98,0.13,17.83,38.0,78.22,371.17,26.57,19.97,0.0,0.0,0.0,0.0,0.0,107083.23,91
VEDL,119057.4,Basic Materials,Other Industrial Metals & Mining,20.4,9.27,17.01,2.96,0.48,26.24,11.36,41.75,88.84,18.04,21.11,0.0,0.0,0.0,0.0,0.0,88258.64,100
VIJAYA,13162.55,Healthcare,Diagnostics & Research,19.7,17.72,76.32,15.2,0.44,32.45,16.0,29.82,35.78,26.91,18.02,0.0,0.0,0.0,0.0,0.0,3997.61,100
VMM,55017.56,Consumer Cyclical,Department Stores,12.15,13.65,65.73,7.87,0.27,7.94,0.0,22.22,45.87,37.72,9.8,0.0,0.0,0.0,0.0,0.0,0.0,91
IDEA,153522.08,Communication Services,Telecom Services,0.0,-2.04,4.41,-4.29,0.0,-5.56,0.0,3.21,0.0,0.0,0.0,0.0,0.0,0.0,0.0,0.0,81257.28,55
VOLTAS,42263.91,Consumer Cyclical,"Furnishings, Fixtures & Appliances",5.72,8.66,112.54,6.68,0.16,4.13,31.0,2.44,-51.8,40.68,7.68,0.0,0.0,0.0,0.0,0.0,25921.58,100
WAAREEENER,86695.23,Technology,Solar,31.57,28.26,23.39,6.0,0.21,15.05,13.0,145.29,115.37,97.36,24.67,0.0,0.0,0.0,0.0,0.0,0.0,91
WELCORP,36639.02,Basic Materials,Steel,18.92,15.57,22.68,4.48,0.25,9.52,36.0,19.35,-45.11,98.35,20.4,0.0,0.0,0.0,0.0,0.0,6980.48,100
WELSPUNLIV,12956.48,Consumer Cyclical,Textile Manufacturing,4.3,5.75,63.05,2.8,0.47,6.09,7.0,-7.95,-21.33,0.93,10.62,0.0,0.0,0.0,0.0,0.0,9018.41,100
WHIRLPOOL,9764.62,Consumer Cyclical,"Furnishings, Fixtures & Appliances",7.25,5.54,33.28,1.2,8.62,3.14,64.0,27.92,82.44,10.28,7.23,0.0,0.0,0.0,0.0,0.0,18220.59,100
WIPRO,186080.77,Technology,Information Technology Services,15.44,14.68,14.12,2.11,0.23,17.07,9.5,7.7,-1.9,5.16,15.13,0.0,0.0,0.0,0.0,0.0,194109.89,100
WOCKPHARMA,31260.25,Healthcare,Drug Manufacturers - Specialty & Generic,4.0,5.76,147.87,6.83,0.42,14.82,0.0,33.84,1085.71,0.0,-3.21,0.0,0.0,0.0,0.0,0.0,2898.86,91
YESBANK,69739.92,Financial Services,Banks - Regional,7.09,0.0,19.84,1.41,0.0,0.0,0.0,17.1,74.72,68.36,5.01,0.0,0.0,0.0,0.0,0.0,51473.21,73
ZFCVINDIA,27696.47,Consumer Cyclical,Auto Parts,14.98,13.89,53.64,7.5,0.0,13.59,3.0,19.28,16.63,17.64,14.3,0.0,0.0,0.0,0.0,0.0,21413.63,91
ZEEL,10704.99,Communication Services,Broadcasting,2.33,1.07,39.52,0.93,2.26,-15.6,2.36,2.32,-162.59,78.77,3.17,0.0,0.0,0.0,0.0,0.0,18184.24,100
ZENTEC,15425.11,Industrials,Aerospace & Defense,11.83,11.23,79.81,8.58,0.95,25.35,6.0,16.99,-20.61,65.42,17.83,0.0,0.0,0.0,0.0,0.0,3832.14,100
ZENSARTECH,10038.91,Technology,Information Technology Services,0.0,16.72,13.14,2.13,1.68,14.68,2.93,9.41,31.79,33.22,17.02,0.0,0.0,0.0,0.0,0.0,8599.06,91
ZYDUSLIFE,111279.42,Healthcare,Drug Manufacturers - Specialty & Generic,18.32,15.77,22.08,4.4,0.42,18.85,9.0,45.1,24.33,36.99,17.22,0.0,0.0,0.0,0.0,0.0,50142.96,100
ZYDUSWELL,15919.0,Consumer Defensive,Packaged Foods,3.43,3.71,80.57,2.79,0.55,14.23,24.0,227.44,2431.25,-14.03,4.83,0.0,0.0,0.0,0.0,0.0,9458.56,100
ECLERX,12458.59,Technology,Information Technology Services,29.0,29.3,17.97,4.83,0.15,21.13,4.0,29.69,38.15,13.05,24.57,0.0,0.0,0.0,0.0,0.0,7977.74,100
